PLANTA,TEMPORADA,F. BATCH,%SP+PNIR
MALABRIGO,2021 - I,27/04/2021,72 %
MALABRIGO,2021 - I,28/04/2021,33 %
MALABRIGO,2021 - I,29/04/2021,24 %
MALABRIGO,2021 - I,30/04/2021,17 %
MALABRIGO,2021 - I,01/05/2021,34 %
MALABRIGO,2021 - I,02/05/2021,19 %
MALABRIGO,2021 - I,03/05/2021,28 %
MALABRIGO,2021 - I,04/05/2021,32 %
MALABRIGO,2021 - I,05/05/2021,64 %
MALABRIGO,2021 - I,06/05/2021,56 %
MALABRIGO,2021 - I,07/05/2021,50 %
MALABRIGO,2021 - I,08/05/2021,48 %
MALABRIGO,2021 - I,09/05/2021,87 %
MALABRIGO,2021 - I,10/05/2021,50 %
MALABRIGO,2021 - I,11/05/2021,68 %
MALABRIGO,2021 - I,12/05/2021,88 %
MALABRIGO,2021 - I,13/05/2021,63 %
MALABRIGO,2021 - I,14/05/2021,60 %
MALABRIGO,2021 - I,22/05/2021,26 %
MALABRIGO,2021 - I,24/05/2021,61 %
MALABRIGO,2021 - I,25/05/2021,88 %
MALABRIGO,2021 - I,26/05/2021,77 %
MALABRIGO,2021 - I,27/05/2021,25 %
MALABRIGO,2021 - I,28/05/2021,5 %
MALABRIGO,2021 - I,29/05/2021,0 %
MALABRIGO,2021 - I,30/05/2021,0 %
MALABRIGO,2021 - I,31/05/2021,91 %
MALABRIGO,2021 - I,01/06/2021,94 %
MALABRIGO,2021 - I,03/06/2021,100 %
MALABRIGO,2021 - I,04/06/2021,83 %
MALABRIGO,2021 - I,05/06/2021,100 %
MALABRIGO,2021 - I,06/06/2021,51 %
MALABRIGO,2021 - I,07/06/2021,67 %
MALABRIGO,2021 - I,08/06/2021,68 %
MALABRIGO,2021 - I,09/06/2021,89 %
MALABRIGO,2021 - I,10/06/2021,70 %
MALABRIGO,2021 - I,12/06/2021,73 %
MALABRIGO,2021 - I,13/06/2021,49 %
MALABRIGO,2021 - I,14/06/2021,22 %
MALABRIGO,2021 - I,15/06/2021,38 %
MALABRIGO,2021 - I,16/06/2021,34 %
MALABRIGO,2021 - I,17/06/2021,21 %
MALABRIGO,2021 - I,18/06/2021,4 %
MALABRIGO,2021 - I,19/06/2021,0 %
MALABRIGO,2021 - I,21/06/2021,35 %
MALABRIGO,2021 - I,23/06/2021,94 %
MALABRIGO,2021 - I,24/06/2021,83 %
MALABRIGO,2021 - I,25/06/2021,32 %
MALABRIGO,2021 - I,27/06/2021,94 %
MALABRIGO,2021 - I,28/06/2021,100 %
MALABRIGO,2021 - I,29/06/2021,100 %
MALABRIGO,2021 - I,01/07/2021,100 %
MALABRIGO,2021 - I,03/07/2021,99 %
MALABRIGO,2021 - I,05/07/2021,92 %
MALABRIGO,2021 - II,15/11/2021,100 %
MALABRIGO,2021 - II,16/11/2021,100 %
MALABRIGO,2021 - II,17/11/2021,100 %
MALABRIGO,2021 - II,18/11/2021,95 %
MALABRIGO,2021 - II,19/11/2021,100 %
MALABRIGO,2021 - II,20/11/2021,100 %
MALABRIGO,2021 - II,21/11/2021,100 %
MALABRIGO,2021 - II,22/11/2021,100 %
MALABRIGO,2021 - II,23/11/2021,100 %
MALABRIGO,2021 - II,24/11/2021,97 %
MALABRIGO,2021 - II,25/11/2021,89 %
MALABRIGO,2021 - II,26/11/2021,19 %
MALABRIGO,2021 - II,27/11/2021,23 %
MALABRIGO,2021 - II,28/11/2021,23 %
MALABRIGO,2021 - II,04/12/2021,100 %
MALABRIGO,2021 - II,05/12/2021,100 %
MALABRIGO,2021 - II,14/12/2021,77 %
MALABRIGO,2021 - II,15/12/2021,65 %
MALABRIGO,2021 - II,16/12/2021,93 %
MALABRIGO,2021 - II,17/12/2021,75 %
MALABRIGO,2021 - II,18/12/2021,73 %
MALABRIGO,2021 - II,19/12/2021,39 %
MALABRIGO,2021 - II,20/12/2021,0 %
MALABRIGO,2021 - II,21/12/2021,79 %
MALABRIGO,2021 - II,22/12/2021,100 %
MALABRIGO,2021 - II,23/12/2021,92 %
MALABRIGO,2022 - I,12/05/2022,0 %
MALABRIGO,2022 - I,13/05/2022,0 %
MALABRIGO,2022 - I,15/05/2022,52 %
MALABRIGO,2022 - I,21/05/2022,46 %
MALABRIGO,2022 - I,22/05/2022,74 %
MALABRIGO,2022 - I,26/05/2022,36 %
MALABRIGO,2022 - I,28/05/2022,56 %
MALABRIGO,2022 - I,29/05/2022,10 %
MALABRIGO,2022 - I,30/05/2022,61 %
MALABRIGO,2022 - I,03/06/2022,51 %
MALABRIGO,2022 - I,04/06/2022,80 %
MALABRIGO,2022 - I,05/06/2022,51 %
MALABRIGO,2022 - I,06/06/2022,73 %
MALABRIGO,2022 - I,07/06/2022,84 %
MALABRIGO,2022 - I,08/06/2022,67 %
MALABRIGO,2022 - I,09/06/2022,22 %
MALABRIGO,2022 - I,10/06/2022,0 %
MALABRIGO,2022 - I,11/06/2022,93 %
MALABRIGO,2022 - I,12/06/2022,22 %
MALABRIGO,2022 - I,13/06/2022,43 %
MALABRIGO,2022 - I,17/06/2022,88 %
MALABRIGO,2022 - I,18/06/2022,65 %
MALABRIGO,2022 - I,19/06/2022,50 %
MALABRIGO,2022 - I,20/06/2022,0 %
MALABRIGO,2022 - I,24/06/2022,17 %
MALABRIGO,2022 - II,24/11/2022,88 %
MALABRIGO,2022 - II,25/11/2022,77 %
MALABRIGO,2022 - II,26/11/2022,75 %
MALABRIGO,2022 - II,27/11/2022,95 %
MALABRIGO,2022 - II,28/11/2022,92 %
MALABRIGO,2022 - II,30/11/2022,98 %
MALABRIGO,2022 - II,01/12/2022,89 %
MALABRIGO,2022 - II,02/12/2022,83 %
MALABRIGO,2022 - II,03/12/2022,100 %
MALABRIGO,2022 - II,04/12/2022,84 %
MALABRIGO,2022 - II,05/12/2022,97 %
MALABRIGO,2022 - II,06/12/2022,63 %
MALABRIGO,2022 - II,07/12/2022,53 %
MALABRIGO,2022 - II,08/12/2022,18 %
MALABRIGO,2022 - II,09/12/2022,32 %
MALABRIGO,2022 - II,10/12/2022,54 %
MALABRIGO,2022 - II,11/12/2022,32 %
MALABRIGO,2022 - II,12/12/2022,33 %
MALABRIGO,2022 - II,13/12/2022,10 %
MALABRIGO,2022 - II,15/12/2022,57 %
MALABRIGO,2022 - II,16/12/2022,32 %
MALABRIGO,2022 - II,17/12/2022,0 %
MALABRIGO,2022 - II,18/12/2022,0 %
MALABRIGO,2022 - II,21/12/2022,37 %
MALABRIGO,2022 - II,22/12/2022,0 %
MALABRIGO,2022 - II,23/12/2022,18 %
MALABRIGO,2022 - II,25/12/2022,56 %
MALABRIGO,2022 - II,26/12/2022,41 %
MALABRIGO,2022 - II,27/12/2022,65 %
MALABRIGO,2022 - II,28/12/2022,30 %
MALABRIGO,2022 - II,29/12/2022,59 %
MALABRIGO,2022 - II,30/12/2022,30 %
MALABRIGO,2022 - II,31/12/2022,43 %
MALABRIGO,2022 - II,01/01/2023,47 %
MALABRIGO,2022 - II,02/01/2023,0 %
MALABRIGO,2022 - II,03/01/2023,47 %
MALABRIGO,2022 - II,04/01/2023,11 %
MALABRIGO,2022 - II,05/01/2023,17 %
MALABRIGO,2022 - II,06/01/2023,0 %
MALABRIGO,2022 - II,07/01/2023,0 %
MALABRIGO,2022 - II,08/01/2023,0 %
MALABRIGO,2022 - II,09/01/2023,0 %
MALABRIGO,2022 - II,10/01/2023,3 %
MALABRIGO,2022 - II,13/01/2023,0 %
MALABRIGO,2022 - II,14/01/2023,10 %
MALABRIGO,2022 - II,15/01/2023,0 %
MALABRIGO,2022 - II,16/01/2023,0 %
MALABRIGO,2022 - II,19/01/2023,0 %
MALABRIGO,2022 - II,22/01/2023,11 %
MALABRIGO,2022 - II,23/01/2023,0 %
MALABRIGO,2022 - II,24/01/2023,0 %
MALABRIGO,2022 - II,26/01/2023,18 %
MALABRIGO,2022 - II,28/01/2023,0 %
MALABRIGO,2022 - II,29/01/2023,27 %
MALABRIGO,2022 - II,30/01/2023,23 %
MALABRIGO,2022 - II,31/01/2023,8 %
MALABRIGO,2022 - II,01/02/2023,6 %
MALABRIGO,2022 - II,02/02/2023,53 %
MALABRIGO,2022 - II,03/02/2023,63 %
MALABRIGO,2022 - II,04/02/2023,0 %
MALABRIGO,2023 - I,03/06/2023,0 %
MALABRIGO,2023 - I,04/06/2023,0 %
MALABRIGO,2023 - I,05/06/2023,0 %
MALABRIGO,2023 - I,04/08/2023,0 %
MALABRIGO,2023 - I,05/08/2023,55 %
MALABRIGO,2023 - I,06/08/2023,31 %
MALABRIGO,2023 - I,07/08/2023,33 %
MALABRIGO,2023 - I,08/08/2023,0 %
MALABRIGO,2023 - I,09/08/2023,0 %
MALABRIGO,2023 - I,10/08/2023,0 %
MALABRIGO,2023 - I,11/08/2023,32 %
MALABRIGO,2023 - I,12/08/2023,15 %
MALABRIGO,2023 - II,21/10/2023,19 %
MALABRIGO,2023 - II,22/10/2023,0 %
MALABRIGO,2023 - II,23/10/2023,41 %
MALABRIGO,2023 - II,24/10/2023,22 %
MALABRIGO,2023 - II,26/10/2023,30 %
MALABRIGO,2023 - II,27/10/2023,0 %
MALABRIGO,2023 - II,01/11/2023,21 %
MALABRIGO,2023 - II,02/11/2023,76 %
MALABRIGO,2023 - II,03/11/2023,9 %
MALABRIGO,2023 - II,04/11/2023,30 %
MALABRIGO,2023 - II,05/11/2023,9 %
MALABRIGO,2023 - II,06/11/2023,0 %
MALABRIGO,2023 - II,08/11/2023,52 %
MALABRIGO,2023 - II,09/11/2023,0 %
MALABRIGO,2023 - II,10/11/2023,34 %
MALABRIGO,2023 - II,11/11/2023,37 %
MALABRIGO,2023 - II,12/11/2023,79 %
MALABRIGO,2023 - II,13/11/2023,53 %
MALABRIGO,2023 - II,14/11/2023,0 %
MALABRIGO,2023 - II,15/11/2023,7 %
MALABRIGO,2023 - II,16/11/2023,0 %
MALABRIGO,2023 - II,18/11/2023,66 %
MALABRIGO,2023 - II,19/11/2023,0 %
MALABRIGO,2023 - II,20/11/2023,45 %
MALABRIGO,2023 - II,21/11/2023,0 %
MALABRIGO,2023 - II,24/11/2023,64 %
MALABRIGO,2023 - II,25/11/2023,21 %
MALABRIGO,2023 - II,26/11/2023,0 %
MALABRIGO,2023 - II,28/11/2023,0 %
MALABRIGO,2023 - II,03/12/2023,0 %
MALABRIGO,2023 - II,04/12/2023,55 %
MALABRIGO,2024 - I,16/04/2024,26 %
MALABRIGO,2024 - I,17/04/2024,0 %
MALABRIGO,2024 - I,18/04/2024,0 %
MALABRIGO,2024 - I,19/04/2024,24 %
MALABRIGO,2024 - I,20/04/2024,27 %
MALABRIGO,2024 - I,21/04/2024,25 %
MALABRIGO,2024 - I,22/04/2024,61 %
MALABRIGO,2024 - I,23/04/2024,25 %
MALABRIGO,2024 - I,24/04/2024,58 %
MALABRIGO,2024 - I,25/04/2024,0 %
MALABRIGO,2024 - I,26/04/2024,0 %
MALABRIGO,2024 - I,27/04/2024,0 %
MALABRIGO,2024 - I,28/04/2024,0 %
MALABRIGO,2024 - I,29/04/2024,12 %
MALABRIGO,2024 - I,30/04/2024,0 %
MALABRIGO,2024 - I,01/05/2024,67 %
MALABRIGO,2024 - I,02/05/2024,8 %
MALABRIGO,2024 - I,03/05/2024,42 %
MALABRIGO,2024 - I,04/05/2024,49 %
MALABRIGO,2024 - I,05/05/2024,75 %
MALABRIGO,2024 - I,06/05/2024,49 %
MALABRIGO,2024 - I,07/05/2024,10 %
MALABRIGO,2024 - I,08/05/2024,24 %
MALABRIGO,2024 - I,09/05/2024,59 %
MALABRIGO,2024 - I,10/05/2024,66 %
MALABRIGO,2024 - I,11/05/2024,65 %
MALABRIGO,2024 - I,12/05/2024,64 %
MALABRIGO,2024 - I,13/05/2024,51 %
MALABRIGO,2024 - I,14/05/2024,41 %
MALABRIGO,2024 - I,15/05/2024,33 %
MALABRIGO,2024 - I,16/05/2024,59 %
MALABRIGO,2024 - I,17/05/2024,61 %
MALABRIGO,2024 - I,18/05/2024,61 %
MALABRIGO,2024 - I,19/05/2024,75 %
MALABRIGO,2024 - I,21/05/2024,85 %
MALABRIGO,2024 - I,22/05/2024,37 %
MALABRIGO,2024 - I,23/05/2024,0 %
MALABRIGO,2024 - I,24/05/2024,55 %
MALABRIGO,2024 - I,25/05/2024,9 %
MALABRIGO,2024 - I,26/05/2024,0 %
MALABRIGO,2024 - I,27/05/2024,63 %
MALABRIGO,2024 - I,28/05/2024,42 %
MALABRIGO,2024 - I,29/05/2024,40 %
MALABRIGO,2024 - I,30/05/2024,16 %
MALABRIGO,2024 - I,31/05/2024,0 %
MALABRIGO,2024 - I,01/06/2024,75 %
MALABRIGO,2024 - I,02/06/2024,95 %
MALABRIGO,2024 - I,03/06/2024,36 %
MALABRIGO,2024 - II,01/11/2024,100 %
MALABRIGO,2024 - II,02/11/2024,61 %
MALABRIGO,2024 - II,03/11/2024,9 %
MALABRIGO,2024 - II,04/11/2024,40 %
MALABRIGO,2024 - II,05/11/2024,83 %
MALABRIGO,2024 - II,06/11/2024,82 %
MALABRIGO,2024 - II,07/11/2024,9 %
MALABRIGO,2024 - II,08/11/2024,41 %
MALABRIGO,2024 - II,09/11/2024,36 %
MALABRIGO,2024 - II,10/11/2024,11 %
MALABRIGO,2024 - II,11/11/2024,96 %
MALABRIGO,2024 - II,12/11/2024,64 %
MALABRIGO,2024 - II,13/11/2024,17 %
MALABRIGO,2024 - II,14/11/2024,53 %
MALABRIGO,2024 - II,15/11/2024,0 %
MALABRIGO,2024 - II,19/11/2024,0 %
MALABRIGO,2024 - II,20/11/2024,0 %
MALABRIGO,2024 - II,21/11/2024,17 %
MALABRIGO,2024 - II,22/11/2024,12 %
MALABRIGO,2024 - II,23/11/2024,80 %
MALABRIGO,2024 - II,24/11/2024,80 %
MALABRIGO,2024 - II,25/11/2024,0 %
MALABRIGO,2024 - II,27/11/2024,94 %
MALABRIGO,2024 - II,28/11/2024,94 %
MALABRIGO,2024 - II,29/11/2024,16 %
MALABRIGO,2024 - II,30/11/2024,45 %
MALABRIGO,2024 - II,01/12/2024,10 %
MALABRIGO,2024 - II,02/12/2024,5 %
MALABRIGO,2024 - II,03/12/2024,12 %
MALABRIGO,2024 - II,04/12/2024,0 %
MALABRIGO,2024 - II,05/12/2024,0 %
MALABRIGO,2024 - II,06/12/2024,0 %
MALABRIGO,2024 - II,07/12/2024,0 %
MALABRIGO,2024 - II,08/12/2024,0 %
MALABRIGO,2024 - II,09/12/2024,0 %
MALABRIGO,2024 - II,10/12/2024,0 %
MALABRIGO,2024 - II,11/12/2024,4 %
MALABRIGO,2024 - II,12/12/2024,7 %
MALABRIGO,2024 - II,13/12/2024,0 %
MALABRIGO,2024 - II,14/12/2024,0 %
MALABRIGO,2024 - II,15/12/2024,39 %
MALABRIGO,2024 - II,16/12/2024,50 %
MALABRIGO,2024 - II,17/12/2024,9 %
MALABRIGO,2024 - II,18/12/2024,47 %
MALABRIGO,2024 - II,19/12/2024,17 %
MALABRIGO,2024 - II,20/12/2024,8 %
MALABRIGO,2024 - II,30/12/2024,0 %
MALABRIGO,2024 - II,31/12/2024,52 %
MALABRIGO,2024 - II,01/01/2025,49 %
MALABRIGO,2024 - II,02/01/2025,28 %
MALABRIGO,2024 - II,03/01/2025,0 %
MALABRIGO,2024 - II,04/01/2025,0 %
MALABRIGO,2024 - II,09/01/2025,18 %
MALABRIGO,2024 - II,10/01/2025,0 %
MALABRIGO,2024 - II,11/01/2025,40 %
MALABRIGO,2024 - II,12/01/2025,23 %
MALABRIGO,2024 - II,13/01/2025,0 %
MALABRIGO,2024 - II,14/01/2025,0 %
MALABRIGO,2024 - II,15/01/2025,57 %
MALABRIGO,2024 - II,16/01/2025,41 %
MALABRIGO,2024 - II,17/01/2025,2 %
MALABRIGO,2024 - II,18/01/2025,0 %
CHIMBOTE,2023 - I,,0 %
CHIMBOTE,2021 - I,24/04/2021,69 %
CHIMBOTE,2021 - I,25/04/2021,25 %
CHIMBOTE,2021 - I,26/04/2021,61 %
CHIMBOTE,2021 - I,27/04/2021,48 %
CHIMBOTE,2021 - I,28/04/2021,82 %
CHIMBOTE,2021 - I,29/04/2021,46 %
CHIMBOTE,2021 - I,30/04/2021,6 %
CHIMBOTE,2021 - I,01/05/2021,46 %
CHIMBOTE,2021 - I,02/05/2021,32 %
CHIMBOTE,2021 - I,03/05/2021,42 %
CHIMBOTE,2021 - I,04/05/2021,74 %
CHIMBOTE,2021 - I,05/05/2021,70 %
CHIMBOTE,2021 - I,06/05/2021,84 %
CHIMBOTE,2021 - I,07/05/2021,63 %
CHIMBOTE,2021 - I,08/05/2021,94 %
CHIMBOTE,2021 - I,09/05/2021,93 %
CHIMBOTE,2021 - I,10/05/2021,87 %
CHIMBOTE,2021 - I,11/05/2021,79 %
CHIMBOTE,2021 - I,12/05/2021,8 %
CHIMBOTE,2021 - I,13/05/2021,95 %
CHIMBOTE,2021 - I,14/05/2021,62 %
CHIMBOTE,2021 - I,15/05/2021,46 %
CHIMBOTE,2021 - I,16/05/2021,88 %
CHIMBOTE,2021 - I,17/05/2021,65 %
CHIMBOTE,2021 - I,19/05/2021,36 %
CHIMBOTE,2021 - I,22/05/2021,72 %
CHIMBOTE,2021 - I,23/05/2021,61 %
CHIMBOTE,2021 - I,24/05/2021,50 %
CHIMBOTE,2021 - I,25/05/2021,63 %
CHIMBOTE,2021 - I,26/05/2021,88 %
CHIMBOTE,2021 - I,27/05/2021,77 %
CHIMBOTE,2021 - I,28/05/2021,69 %
CHIMBOTE,2021 - I,30/05/2021,26 %
CHIMBOTE,2021 - I,31/05/2021,53 %
CHIMBOTE,2021 - I,01/06/2021,0 %
CHIMBOTE,2021 - I,04/06/2021,99 %
CHIMBOTE,2021 - I,07/06/2021,93 %
CHIMBOTE,2021 - I,08/06/2021,59 %
CHIMBOTE,2021 - I,09/06/2021,98 %
CHIMBOTE,2021 - I,11/06/2021,76 %
CHIMBOTE,2021 - I,12/06/2021,14 %
CHIMBOTE,2021 - I,15/06/2021,81 %
CHIMBOTE,2021 - I,16/06/2021,95 %
CHIMBOTE,2021 - I,17/06/2021,48 %
CHIMBOTE,2021 - I,18/06/2021,66 %
CHIMBOTE,2021 - I,20/06/2021,65 %
CHIMBOTE,2021 - I,22/06/2021,19 %
CHIMBOTE,2021 - I,23/06/2021,77 %
CHIMBOTE,2021 - I,25/06/2021,48 %
CHIMBOTE,2021 - I,26/06/2021,60 %
CHIMBOTE,2021 - I,27/06/2021,85 %
CHIMBOTE,2021 - I,28/06/2021,88 %
CHIMBOTE,2021 - I,29/06/2021,85 %
CHIMBOTE,2021 - I,30/06/2021,89 %
CHIMBOTE,2021 - I,01/07/2021,78 %
CHIMBOTE,2021 - I,02/07/2021,80 %
CHIMBOTE,2021 - I,03/07/2021,100 %
CHIMBOTE,2021 - I,04/07/2021,100 %
CHIMBOTE,2021 - I,05/07/2021,85 %
CHIMBOTE,2021 - I,06/07/2021,85 %
CHIMBOTE,2021 - I,07/07/2021,100 %
CHIMBOTE,2021 - I,08/07/2021,97 %
CHIMBOTE,2021 - II,15/11/2021,62 %
CHIMBOTE,2021 - II,16/11/2021,13 %
CHIMBOTE,2021 - II,17/11/2021,0 %
CHIMBOTE,2021 - II,18/11/2021,41 %
CHIMBOTE,2021 - II,19/11/2021,55 %
CHIMBOTE,2021 - II,20/11/2021,76 %
CHIMBOTE,2021 - II,21/11/2021,70 %
CHIMBOTE,2021 - II,22/11/2021,52 %
CHIMBOTE,2021 - II,23/11/2021,73 %
CHIMBOTE,2021 - II,24/11/2021,76 %
CHIMBOTE,2021 - II,25/11/2021,57 %
CHIMBOTE,2021 - II,26/11/2021,94 %
CHIMBOTE,2021 - II,27/11/2021,100 %
CHIMBOTE,2021 - II,28/11/2021,77 %
CHIMBOTE,2021 - II,29/11/2021,38 %
CHIMBOTE,2021 - II,30/11/2021,56 %
CHIMBOTE,2021 - II,01/12/2021,68 %
CHIMBOTE,2021 - II,02/12/2021,56 %
CHIMBOTE,2021 - II,03/12/2021,74 %
CHIMBOTE,2021 - II,04/12/2021,77 %
CHIMBOTE,2021 - II,05/12/2021,92 %
CHIMBOTE,2021 - II,06/12/2021,62 %
CHIMBOTE,2021 - II,07/12/2021,22 %
CHIMBOTE,2021 - II,08/12/2021,52 %
CHIMBOTE,2021 - II,09/12/2021,90 %
CHIMBOTE,2021 - II,10/12/2021,30 %
CHIMBOTE,2021 - II,11/12/2021,88 %
CHIMBOTE,2021 - II,12/12/2021,30 %
CHIMBOTE,2021 - II,13/12/2021,79 %
CHIMBOTE,2021 - II,14/12/2021,100 %
CHIMBOTE,2021 - II,15/12/2021,100 %
CHIMBOTE,2021 - II,20/12/2021,63 %
CHIMBOTE,2022 - I,06/05/2022,37 %
CHIMBOTE,2022 - I,08/05/2022,26 %
CHIMBOTE,2022 - I,12/05/2022,21 %
CHIMBOTE,2022 - I,13/05/2022,16 %
CHIMBOTE,2022 - I,14/05/2022,23 %
CHIMBOTE,2022 - I,15/05/2022,35 %
CHIMBOTE,2022 - I,16/05/2022,3 %
CHIMBOTE,2022 - I,19/05/2022,8 %
CHIMBOTE,2022 - I,20/05/2022,0 %
CHIMBOTE,2022 - I,21/05/2022,29 %
CHIMBOTE,2022 - I,22/05/2022,73 %
CHIMBOTE,2022 - I,24/05/2022,35 %
CHIMBOTE,2022 - I,25/05/2022,36 %
CHIMBOTE,2022 - I,26/05/2022,66 %
CHIMBOTE,2022 - I,27/05/2022,83 %
CHIMBOTE,2022 - I,28/05/2022,51 %
CHIMBOTE,2022 - I,29/05/2022,60 %
CHIMBOTE,2022 - I,30/05/2022,79 %
CHIMBOTE,2022 - I,31/05/2022,69 %
CHIMBOTE,2022 - I,01/06/2022,74 %
CHIMBOTE,2022 - I,02/06/2022,60 %
CHIMBOTE,2022 - I,03/06/2022,66 %
CHIMBOTE,2022 - I,04/06/2022,57 %
CHIMBOTE,2022 - I,05/06/2022,46 %
CHIMBOTE,2022 - I,06/06/2022,50 %
CHIMBOTE,2022 - I,07/06/2022,86 %
CHIMBOTE,2022 - I,08/06/2022,60 %
CHIMBOTE,2022 - I,09/06/2022,93 %
CHIMBOTE,2022 - I,10/06/2022,56 %
CHIMBOTE,2022 - I,11/06/2022,68 %
CHIMBOTE,2022 - I,12/06/2022,74 %
CHIMBOTE,2022 - I,13/06/2022,77 %
CHIMBOTE,2022 - I,14/06/2022,33 %
CHIMBOTE,2022 - I,15/06/2022,77 %
CHIMBOTE,2022 - I,16/06/2022,25 %
CHIMBOTE,2022 - I,17/06/2022,52 %
CHIMBOTE,2022 - I,18/06/2022,65 %
CHIMBOTE,2022 - I,19/06/2022,85 %
CHIMBOTE,2022 - I,20/06/2022,0 %
CHIMBOTE,2022 - I,21/06/2022,32 %
CHIMBOTE,2022 - I,22/06/2022,34 %
CHIMBOTE,2022 - I,24/06/2022,64 %
CHIMBOTE,2022 - I,30/06/2022,0 %
CHIMBOTE,2022 - I,01/07/2022,100 %
CHIMBOTE,2022 - I,03/07/2022,63 %
CHIMBOTE,2022 - I,04/07/2022,0 %
CHIMBOTE,2022 - I,05/07/2022,70 %
CHIMBOTE,2022 - I,06/07/2022,100 %
CHIMBOTE,2022 - I,07/07/2022,93 %
CHIMBOTE,2022 - I,08/07/2022,81 %
CHIMBOTE,2022 - I,09/07/2022,65 %
CHIMBOTE,2022 - I,10/07/2022,70 %
CHIMBOTE,2022 - I,11/07/2022,28 %
CHIMBOTE,2022 - I,15/07/2022,33 %
CHIMBOTE,2022 - I,19/07/2022,30 %
CHIMBOTE,2022 - I,20/07/2022,61 %
CHIMBOTE,2022 - I,21/07/2022,98 %
CHIMBOTE,2022 - I,22/07/2022,82 %
CHIMBOTE,2022 - II,23/11/2022,100 %
CHIMBOTE,2022 - II,24/11/2022,77 %
CHIMBOTE,2022 - II,25/11/2022,59 %
CHIMBOTE,2022 - II,26/11/2022,33 %
CHIMBOTE,2022 - II,27/11/2022,9 %
CHIMBOTE,2022 - II,28/11/2022,49 %
CHIMBOTE,2022 - II,29/11/2022,18 %
CHIMBOTE,2022 - II,30/11/2022,36 %
CHIMBOTE,2022 - II,01/12/2022,37 %
CHIMBOTE,2022 - II,02/12/2022,30 %
CHIMBOTE,2022 - II,03/12/2022,21 %
CHIMBOTE,2022 - II,04/12/2022,86 %
CHIMBOTE,2022 - II,05/12/2022,55 %
CHIMBOTE,2022 - II,06/12/2022,56 %
CHIMBOTE,2022 - II,07/12/2022,30 %
CHIMBOTE,2022 - II,08/12/2022,67 %
CHIMBOTE,2022 - II,09/12/2022,34 %
CHIMBOTE,2022 - II,10/12/2022,70 %
CHIMBOTE,2022 - II,11/12/2022,13 %
CHIMBOTE,2022 - II,12/12/2022,0 %
CHIMBOTE,2022 - II,13/12/2022,56 %
CHIMBOTE,2022 - II,14/12/2022,0 %
CHIMBOTE,2022 - II,15/12/2022,53 %
CHIMBOTE,2022 - II,16/12/2022,38 %
CHIMBOTE,2022 - II,17/12/2022,51 %
CHIMBOTE,2022 - II,18/12/2022,65 %
CHIMBOTE,2022 - II,19/12/2022,37 %
CHIMBOTE,2022 - II,20/12/2022,78 %
CHIMBOTE,2022 - II,22/12/2022,47 %
CHIMBOTE,2022 - II,23/12/2022,64 %
CHIMBOTE,2022 - II,24/12/2022,29 %
CHIMBOTE,2022 - II,26/12/2022,68 %
CHIMBOTE,2022 - II,27/12/2022,86 %
CHIMBOTE,2022 - II,28/12/2022,0 %
CHIMBOTE,2022 - II,29/12/2022,41 %
CHIMBOTE,2022 - II,30/12/2022,61 %
CHIMBOTE,2022 - II,31/12/2022,91 %
CHIMBOTE,2022 - II,02/01/2023,26 %
CHIMBOTE,2022 - II,03/01/2023,56 %
CHIMBOTE,2022 - II,11/01/2023,0 %
CHIMBOTE,2022 - II,12/01/2023,0 %
CHIMBOTE,2022 - II,15/01/2023,0 %
CHIMBOTE,2022 - II,17/01/2023,0 %
CHIMBOTE,2022 - II,18/01/2023,6 %
CHIMBOTE,2022 - II,19/01/2023,0 %
CHIMBOTE,2022 - II,20/01/2023,0 %
CHIMBOTE,2022 - II,21/01/2023,10 %
CHIMBOTE,2022 - II,22/01/2023,48 %
CHIMBOTE,2022 - II,23/01/2023,18 %
CHIMBOTE,2022 - II,24/01/2023,0 %
CHIMBOTE,2022 - II,25/01/2023,6 %
CHIMBOTE,2022 - II,26/01/2023,7 %
CHIMBOTE,2022 - II,27/01/2023,66 %
CHIMBOTE,2022 - II,28/01/2023,0 %
CHIMBOTE,2022 - II,30/01/2023,0 %
CHIMBOTE,2022 - II,03/02/2023,32 %
CHIMBOTE,2022 - II,04/02/2023,15 %
CHIMBOTE,2023 - I,03/06/2023,0 %
CHIMBOTE,2023 - I,04/06/2023,0 %
CHIMBOTE,2023 - I,06/06/2023,0 %
CHIMBOTE,2023 - I,05/08/2023,15 %
CHIMBOTE,2023 - I,06/08/2023,0 %
CHIMBOTE,2023 - I,07/08/2023,0 %
CHIMBOTE,2023 - I,08/08/2023,0 %
CHIMBOTE,2023 - I,10/08/2023,0 %
CHIMBOTE,2023 - I,11/08/2023,0 %
CHIMBOTE,2023 - I,12/08/2023,0 %
CHIMBOTE,2023 - II,21/10/2023,0 %
CHIMBOTE,2023 - II,22/10/2023,0 %
CHIMBOTE,2023 - II,23/10/2023,13 %
CHIMBOTE,2023 - II,26/10/2023,49 %
CHIMBOTE,2023 - II,31/10/2023,47 %
CHIMBOTE,2023 - II,01/11/2023,42 %
CHIMBOTE,2023 - II,02/11/2023,30 %
CHIMBOTE,2023 - II,03/11/2023,22 %
CHIMBOTE,2023 - II,05/11/2023,88 %
CHIMBOTE,2023 - II,06/11/2023,90 %
CHIMBOTE,2023 - II,08/11/2023,25 %
CHIMBOTE,2023 - II,09/11/2023,27 %
CHIMBOTE,2023 - II,10/11/2023,78 %
CHIMBOTE,2023 - II,11/11/2023,70 %
CHIMBOTE,2023 - II,12/11/2023,52 %
CHIMBOTE,2023 - II,13/11/2023,52 %
CHIMBOTE,2023 - II,14/11/2023,33 %
CHIMBOTE,2023 - II,19/11/2023,83 %
CHIMBOTE,2023 - II,20/11/2023,72 %
CHIMBOTE,2023 - II,21/11/2023,81 %
CHIMBOTE,2023 - II,22/11/2023,38 %
CHIMBOTE,2023 - II,26/11/2023,0 %
CHIMBOTE,2023 - II,27/11/2023,9 %
CHIMBOTE,2023 - II,28/11/2023,39 %
CHIMBOTE,2023 - II,29/11/2023,44 %
CHIMBOTE,2023 - II,30/11/2023,50 %
CHIMBOTE,2023 - II,01/12/2023,38 %
CHIMBOTE,2023 - II,02/12/2023,94 %
CHIMBOTE,2023 - II,05/12/2023,0 %
CHIMBOTE,2024 - I,16/04/2024,38 %
CHIMBOTE,2024 - I,17/04/2024,42 %
CHIMBOTE,2024 - I,18/04/2024,0 %
CHIMBOTE,2024 - I,19/04/2024,23 %
CHIMBOTE,2024 - I,20/04/2024,39 %
CHIMBOTE,2024 - I,21/04/2024,51 %
CHIMBOTE,2024 - I,22/04/2024,10 %
CHIMBOTE,2024 - I,23/04/2024,0 %
CHIMBOTE,2024 - I,24/04/2024,25 %
CHIMBOTE,2024 - I,25/04/2024,0 %
CHIMBOTE,2024 - I,26/04/2024,0 %
CHIMBOTE,2024 - I,27/04/2024,12 %
CHIMBOTE,2024 - I,28/04/2024,69 %
CHIMBOTE,2024 - I,29/04/2024,9 %
CHIMBOTE,2024 - I,30/04/2024,47 %
CHIMBOTE,2024 - I,01/05/2024,64 %
CHIMBOTE,2024 - I,02/05/2024,39 %
CHIMBOTE,2024 - I,05/05/2024,23 %
CHIMBOTE,2024 - I,06/05/2024,0 %
CHIMBOTE,2024 - I,07/05/2024,63 %
CHIMBOTE,2024 - I,08/05/2024,43 %
CHIMBOTE,2024 - I,09/05/2024,54 %
CHIMBOTE,2024 - I,10/05/2024,67 %
CHIMBOTE,2024 - I,11/05/2024,83 %
CHIMBOTE,2024 - I,12/05/2024,49 %
CHIMBOTE,2024 - I,13/05/2024,65 %
CHIMBOTE,2024 - I,14/05/2024,76 %
CHIMBOTE,2024 - I,15/05/2024,60 %
CHIMBOTE,2024 - I,16/05/2024,60 %
CHIMBOTE,2024 - I,17/05/2024,56 %
CHIMBOTE,2024 - I,18/05/2024,55 %
CHIMBOTE,2024 - I,19/05/2024,52 %
CHIMBOTE,2024 - I,20/05/2024,48 %
CHIMBOTE,2024 - I,21/05/2024,76 %
CHIMBOTE,2024 - I,22/05/2024,46 %
CHIMBOTE,2024 - I,23/05/2024,46 %
CHIMBOTE,2024 - I,24/05/2024,27 %
CHIMBOTE,2024 - I,25/05/2024,26 %
CHIMBOTE,2024 - I,26/05/2024,0 %
CHIMBOTE,2024 - I,27/05/2024,32 %
CHIMBOTE,2024 - I,28/05/2024,75 %
CHIMBOTE,2024 - I,29/05/2024,50 %
CHIMBOTE,2024 - I,30/05/2024,63 %
CHIMBOTE,2024 - I,31/05/2024,44 %
CHIMBOTE,2024 - I,01/06/2024,76 %
CHIMBOTE,2024 - I,02/06/2024,29 %
CHIMBOTE,2024 - I,03/06/2024,31 %
CHIMBOTE,2024 - I,04/06/2024,28 %
CHIMBOTE,2024 - I,05/06/2024,48 %
CHIMBOTE,2024 - I,06/06/2024,43 %
CHIMBOTE,2024 - I,07/06/2024,77 %
CHIMBOTE,2024 - I,08/06/2024,86 %
CHIMBOTE,2024 - II,01/11/2024,76 %
CHIMBOTE,2024 - II,02/11/2024,48 %
CHIMBOTE,2024 - II,03/11/2024,36 %
CHIMBOTE,2024 - II,04/11/2024,75 %
CHIMBOTE,2024 - II,05/11/2024,73 %
CHIMBOTE,2024 - II,06/11/2024,62 %
CHIMBOTE,2024 - II,08/11/2024,0 %
CHIMBOTE,2024 - II,09/11/2024,69 %
CHIMBOTE,2024 - II,10/11/2024,39 %
CHIMBOTE,2024 - II,11/11/2024,42 %
CHIMBOTE,2024 - II,12/11/2024,27 %
CHIMBOTE,2024 - II,13/11/2024,76 %
CHIMBOTE,2024 - II,14/11/2024,37 %
CHIMBOTE,2024 - II,16/11/2024,64 %
CHIMBOTE,2024 - II,17/11/2024,95 %
CHIMBOTE,2024 - II,18/11/2024,53 %
CHIMBOTE,2024 - II,19/11/2024,50 %
CHIMBOTE,2024 - II,20/11/2024,34 %
CHIMBOTE,2024 - II,21/11/2024,39 %
CHIMBOTE,2024 - II,22/11/2024,35 %
CHIMBOTE,2024 - II,23/11/2024,77 %
CHIMBOTE,2024 - II,24/11/2024,50 %
CHIMBOTE,2024 - II,25/11/2024,83 %
CHIMBOTE,2024 - II,27/11/2024,54 %
CHIMBOTE,2024 - II,28/11/2024,16 %
CHIMBOTE,2024 - II,29/11/2024,15 %
CHIMBOTE,2024 - II,30/11/2024,24 %
CHIMBOTE,2024 - II,01/12/2024,29 %
CHIMBOTE,2024 - II,02/12/2024,0 %
CHIMBOTE,2024 - II,03/12/2024,0 %
CHIMBOTE,2024 - II,04/12/2024,14 %
CHIMBOTE,2024 - II,05/12/2024,41 %
CHIMBOTE,2024 - II,06/12/2024,28 %
CHIMBOTE,2024 - II,07/12/2024,65 %
CHIMBOTE,2024 - II,08/12/2024,50 %
CHIMBOTE,2024 - II,09/12/2024,37 %
CHIMBOTE,2024 - II,10/12/2024,49 %
CHIMBOTE,2024 - II,11/12/2024,36 %
CHIMBOTE,2024 - II,12/12/2024,39 %
CHIMBOTE,2024 - II,13/12/2024,13 %
CHIMBOTE,2024 - II,14/12/2024,21 %
CHIMBOTE,2024 - II,15/12/2024,17 %
CHIMBOTE,2024 - II,16/12/2024,11 %
CHIMBOTE,2024 - II,17/12/2024,64 %
CHIMBOTE,2024 - II,18/12/2024,60 %
CHIMBOTE,2024 - II,19/12/2024,9 %
CHIMBOTE,2024 - II,20/12/2024,36 %
CHIMBOTE,2024 - II,21/12/2024,49 %
CHIMBOTE,2024 - II,22/12/2024,9 %
CHIMBOTE,2024 - II,23/12/2024,0 %
CHIMBOTE,2024 - II,27/12/2024,34 %
CHIMBOTE,2024 - II,28/12/2024,0 %
CHIMBOTE,2024 - II,31/12/2024,3 %
CHIMBOTE,2024 - II,01/01/2025,38 %
CHIMBOTE,2024 - II,02/01/2025,3 %
CHIMBOTE,2024 - II,03/01/2025,42 %
CHIMBOTE,2024 - II,04/01/2025,24 %
CHIMBOTE,2024 - II,05/01/2025,56 %
CHIMBOTE,2024 - II,06/01/2025,66 %
CHIMBOTE,2024 - II,07/01/2025,43 %
CHIMBOTE,2024 - II,08/01/2025,19 %
CHIMBOTE,2024 - II,09/01/2025,7 %
CHIMBOTE,2024 - II,10/01/2025,0 %
CHIMBOTE,2024 - II,11/01/2025,25 %
CHIMBOTE,2024 - II,12/01/2025,42 %
CHIMBOTE,2024 - II,13/01/2025,23 %
CHIMBOTE,2024 - II,15/01/2025,48 %
CHIMBOTE,2024 - II,16/01/2025,21 %
CHIMBOTE,2024 - II,17/01/2025,67 %
CHIMBOTE,2024 - II,18/01/2025,37 %
SAMANCO,2021 - I,26/04/2021,100 %
SAMANCO,2021 - I,27/04/2021,69 %
SAMANCO,2021 - I,28/04/2021,65 %
SAMANCO,2021 - I,29/04/2021,13 %
SAMANCO,2021 - I,01/05/2021,65 %
SAMANCO,2021 - I,02/05/2021,9 %
SAMANCO,2021 - I,03/05/2021,60 %
SAMANCO,2021 - I,04/05/2021,43 %
SAMANCO,2021 - I,05/05/2021,60 %
SAMANCO,2021 - I,06/05/2021,11 %
SAMANCO,2021 - I,07/05/2021,29 %
SAMANCO,2021 - I,08/05/2021,100 %
SAMANCO,2021 - I,09/05/2021,54 %
SAMANCO,2021 - I,10/05/2021,21 %
SAMANCO,2021 - I,11/05/2021,1 %
SAMANCO,2021 - I,13/05/2021,83 %
SAMANCO,2021 - I,14/05/2021,6 %
SAMANCO,2021 - I,17/05/2021,41 %
SAMANCO,2021 - I,19/05/2021,2 %
SAMANCO,2021 - I,20/05/2021,58 %
SAMANCO,2021 - I,23/05/2021,16 %
SAMANCO,2021 - I,24/05/2021,0 %
SAMANCO,2021 - I,25/05/2021,74 %
SAMANCO,2021 - I,26/05/2021,39 %
SAMANCO,2021 - I,27/05/2021,50 %
SAMANCO,2021 - I,28/05/2021,66 %
SAMANCO,2021 - I,29/05/2021,54 %
SAMANCO,2021 - I,30/05/2021,51 %
SAMANCO,2021 - I,09/06/2021,100 %
SAMANCO,2021 - I,11/06/2021,78 %
SAMANCO,2021 - I,15/06/2021,28 %
SAMANCO,2021 - I,17/06/2021,56 %
SAMANCO,2021 - I,18/06/2021,41 %
SAMANCO,2021 - I,23/06/2021,17 %
SAMANCO,2021 - I,25/06/2021,14 %
SAMANCO,2021 - I,27/06/2021,33 %
SAMANCO,2021 - I,28/06/2021,41 %
SAMANCO,2021 - I,29/06/2021,45 %
SAMANCO,2021 - I,30/06/2021,61 %
SAMANCO,2021 - I,01/07/2021,43 %
SAMANCO,2021 - I,02/07/2021,67 %
SAMANCO,2021 - I,03/07/2021,52 %
SAMANCO,2021 - I,05/07/2021,89 %
SAMANCO,2021 - I,09/07/2021,0 %
SAMANCO,2021 - I,10/07/2021,91 %
SAMANCO,2021 - I,12/07/2021,0 %
SAMANCO,2021 - II,15/11/2021,67 %
SAMANCO,2021 - II,16/11/2021,0 %
SAMANCO,2021 - II,17/11/2021,21 %
SAMANCO,2021 - II,18/11/2021,24 %
SAMANCO,2021 - II,19/11/2021,19 %
SAMANCO,2021 - II,20/11/2021,19 %
SAMANCO,2021 - II,21/11/2021,47 %
SAMANCO,2021 - II,22/11/2021,22 %
SAMANCO,2021 - II,23/11/2021,0 %
SAMANCO,2021 - II,24/11/2021,12 %
SAMANCO,2021 - II,25/11/2021,100 %
SAMANCO,2021 - II,26/11/2021,27 %
SAMANCO,2021 - II,29/11/2021,14 %
SAMANCO,2021 - II,30/11/2021,0 %
SAMANCO,2021 - II,01/12/2021,26 %
SAMANCO,2021 - II,02/12/2021,16 %
SAMANCO,2021 - II,03/12/2021,0 %
SAMANCO,2021 - II,04/12/2021,61 %
SAMANCO,2021 - II,05/12/2021,31 %
SAMANCO,2021 - II,06/12/2021,94 %
SAMANCO,2022 - I,06/05/2022,28 %
SAMANCO,2022 - I,07/05/2022,42 %
SAMANCO,2022 - I,12/05/2022,0 %
SAMANCO,2022 - I,13/05/2022,6 %
SAMANCO,2022 - I,14/05/2022,28 %
SAMANCO,2022 - I,15/05/2022,0 %
SAMANCO,2022 - I,16/05/2022,8 %
SAMANCO,2022 - I,19/05/2022,20 %
SAMANCO,2022 - I,20/05/2022,41 %
SAMANCO,2022 - I,23/05/2022,0 %
SAMANCO,2022 - I,24/05/2022,14 %
SAMANCO,2022 - I,26/05/2022,17 %
SAMANCO,2022 - I,27/05/2022,54 %
SAMANCO,2022 - I,28/05/2022,39 %
SAMANCO,2022 - I,29/05/2022,48 %
SAMANCO,2022 - I,30/05/2022,48 %
SAMANCO,2022 - I,31/05/2022,0 %
SAMANCO,2022 - I,01/06/2022,23 %
SAMANCO,2022 - I,02/06/2022,21 %
SAMANCO,2022 - I,03/06/2022,78 %
SAMANCO,2022 - I,04/06/2022,91 %
SAMANCO,2022 - I,05/06/2022,64 %
SAMANCO,2022 - I,06/06/2022,55 %
SAMANCO,2022 - I,08/06/2022,86 %
SAMANCO,2022 - I,09/06/2022,94 %
SAMANCO,2022 - I,10/06/2022,100 %
SAMANCO,2022 - I,11/06/2022,87 %
SAMANCO,2022 - I,12/06/2022,82 %
SAMANCO,2022 - I,13/06/2022,93 %
SAMANCO,2022 - I,14/06/2022,11 %
SAMANCO,2022 - I,15/06/2022,10 %
SAMANCO,2022 - I,16/06/2022,100 %
SAMANCO,2022 - I,17/06/2022,39 %
SAMANCO,2022 - I,18/06/2022,6 %
SAMANCO,2022 - I,19/06/2022,35 %
SAMANCO,2022 - I,20/06/2022,91 %
SAMANCO,2022 - I,21/06/2022,36 %
SAMANCO,2022 - I,25/06/2022,100 %
SAMANCO,2022 - I,02/07/2022,22 %
SAMANCO,2022 - I,05/07/2022,76 %
SAMANCO,2022 - I,06/07/2022,95 %
SAMANCO,2022 - I,07/07/2022,93 %
SAMANCO,2022 - I,08/07/2022,82 %
SAMANCO,2022 - I,09/07/2022,60 %
SAMANCO,2022 - I,10/07/2022,70 %
SAMANCO,2022 - I,11/07/2022,92 %
SAMANCO,2022 - I,15/07/2022,0 %
SAMANCO,2022 - II,23/11/2022,96 %
SAMANCO,2022 - II,24/11/2022,78 %
SAMANCO,2022 - II,25/11/2022,100 %
SAMANCO,2022 - II,26/11/2022,82 %
SAMANCO,2022 - II,27/11/2022,62 %
SAMANCO,2022 - II,28/11/2022,9 %
SAMANCO,2022 - II,29/11/2022,65 %
SAMANCO,2022 - II,30/11/2022,80 %
SAMANCO,2022 - II,01/12/2022,43 %
SAMANCO,2022 - II,02/12/2022,0 %
SAMANCO,2022 - II,04/12/2022,87 %
SAMANCO,2022 - II,06/12/2022,11 %
SAMANCO,2022 - II,08/12/2022,59 %
SAMANCO,2022 - II,09/12/2022,75 %
SAMANCO,2022 - II,10/12/2022,98 %
SAMANCO,2022 - II,11/12/2022,64 %
SAMANCO,2022 - II,12/12/2022,24 %
SAMANCO,2022 - II,13/12/2022,85 %
SAMANCO,2022 - II,14/12/2022,42 %
SAMANCO,2022 - II,15/12/2022,43 %
SAMANCO,2022 - II,17/12/2022,33 %
SAMANCO,2022 - II,18/12/2022,32 %
SAMANCO,2022 - II,19/12/2022,43 %
SAMANCO,2022 - II,20/12/2022,44 %
SAMANCO,2022 - II,21/12/2022,0 %
SAMANCO,2022 - II,27/12/2022,100 %
SAMANCO,2022 - II,01/01/2023,100 %
SAMANCO,2022 - II,07/01/2023,0 %
SAMANCO,2022 - II,13/01/2023,37 %
SAMANCO,2023 - II,25/10/2023,34 %
SAMANCO,2023 - II,28/10/2023,69 %
SAMANCO,2023 - II,29/10/2023,2 %
SAMANCO,2023 - II,31/10/2023,46 %
SAMANCO,2023 - II,01/11/2023,84 %
SAMANCO,2023 - II,03/11/2023,53 %
SAMANCO,2023 - II,06/11/2023,23 %
SAMANCO,2023 - II,11/11/2023,0 %
SAMANCO,2023 - II,13/11/2023,61 %
SAMANCO,2023 - II,14/11/2023,23 %
SAMANCO,2023 - II,16/11/2023,0 %
SAMANCO,2024 - I,16/04/2024,0 %
SAMANCO,2024 - I,17/04/2024,0 %
SAMANCO,2024 - I,18/04/2024,0 %
SAMANCO,2024 - I,19/04/2024,16 %
SAMANCO,2024 - I,21/04/2024,10 %
SAMANCO,2024 - I,22/04/2024,41 %
SAMANCO,2024 - I,23/04/2024,22 %
SAMANCO,2024 - I,24/04/2024,0 %
SAMANCO,2024 - I,25/04/2024,0 %
SAMANCO,2024 - I,26/04/2024,0 %
SAMANCO,2024 - I,28/04/2024,5 %
SAMANCO,2024 - I,29/04/2024,6 %
SAMANCO,2024 - I,01/05/2024,34 %
SAMANCO,2024 - I,02/05/2024,24 %
SAMANCO,2024 - I,03/05/2024,0 %
SAMANCO,2024 - I,04/05/2024,35 %
SAMANCO,2024 - I,07/05/2024,20 %
SAMANCO,2024 - I,08/05/2024,17 %
SAMANCO,2024 - I,10/05/2024,28 %
SAMANCO,2024 - I,11/05/2024,50 %
SAMANCO,2024 - I,12/05/2024,100 %
SAMANCO,2024 - I,14/05/2024,55 %
SAMANCO,2024 - I,15/05/2024,92 %
SAMANCO,2024 - I,16/05/2024,50 %
SAMANCO,2024 - I,17/05/2024,0 %
SAMANCO,2024 - I,19/05/2024,75 %
SAMANCO,2024 - I,20/05/2024,11 %
SAMANCO,2024 - I,22/05/2024,31 %
SAMANCO,2024 - I,23/05/2024,54 %
SAMANCO,2024 - I,24/05/2024,25 %
SAMANCO,2024 - I,26/05/2024,41 %
SAMANCO,2024 - I,27/05/2024,14 %
SAMANCO,2024 - I,28/05/2024,73 %
SAMANCO,2024 - I,29/05/2024,32 %
SAMANCO,2024 - I,30/05/2024,7 %
SAMANCO,2024 - I,31/05/2024,9 %
SAMANCO,2024 - I,01/06/2024,54 %
SAMANCO,2024 - I,02/06/2024,51 %
SAMANCO,2024 - I,03/06/2024,43 %
SAMANCO,2024 - I,04/06/2024,56 %
SAMANCO,2024 - I,05/06/2024,34 %
SAMANCO,2024 - I,06/06/2024,50 %
SAMANCO,2024 - II,05/11/2024,26 %
SAMANCO,2024 - II,06/11/2024,0 %
SAMANCO,2024 - II,07/11/2024,100 %
SAMANCO,2024 - II,08/11/2024,62 %
SAMANCO,2024 - II,09/11/2024,21 %
SAMANCO,2024 - II,10/11/2024,49 %
SAMANCO,2024 - II,11/11/2024,46 %
SAMANCO,2024 - II,12/11/2024,87 %
SAMANCO,2024 - II,13/11/2024,31 %
SAMANCO,2024 - II,14/11/2024,52 %
SAMANCO,2024 - II,15/11/2024,44 %
SAMANCO,2024 - II,16/11/2024,48 %
SAMANCO,2024 - II,17/11/2024,41 %
SAMANCO,2024 - II,18/11/2024,47 %
SAMANCO,2024 - II,19/11/2024,40 %
SAMANCO,2024 - II,20/11/2024,34 %
SAMANCO,2024 - II,21/11/2024,67 %
SAMANCO,2024 - II,22/11/2024,7 %
SAMANCO,2024 - II,23/11/2024,36 %
SAMANCO,2024 - II,24/11/2024,0 %
SAMANCO,2024 - II,25/11/2024,90 %
SAMANCO,2024 - II,26/11/2024,60 %
SAMANCO,2024 - II,27/11/2024,24 %
SAMANCO,2024 - II,03/12/2024,8 %
SAMANCO,2024 - II,04/12/2024,0 %
SAMANCO,2024 - II,07/12/2024,100 %
SAMANCO,2024 - II,08/12/2024,32 %
SAMANCO,2024 - II,09/12/2024,79 %
SAMANCO,2024 - II,12/12/2024,10 %
SAMANCO,2024 - II,13/12/2024,7 %
SAMANCO,2024 - II,14/12/2024,16 %
SAMANCO,2024 - II,16/12/2024,25 %
SAMANCO,2024 - II,17/12/2024,56 %
SAMANCO,2024 - II,19/12/2024,0 %
SAMANCO,2024 - II,20/12/2024,4 %
SAMANCO,2024 - II,21/12/2024,37 %
SAMANCO,2024 - II,22/12/2024,10 %
SAMANCO,2024 - II,23/12/2024,33 %
SAMANCO,2024 - II,26/12/2024,45 %
SAMANCO,2024 - II,27/12/2024,31 %
SAMANCO,2024 - II,30/12/2024,45 %
SAMANCO,2024 - II,01/01/2025,0 %
SAMANCO,2024 - II,02/01/2025,0 %
SAMANCO,2024 - II,03/01/2025,0 %
SAMANCO,2024 - II,05/01/2025,0 %
SAMANCO,2024 - II,06/01/2025,27 %
SAMANCO,2024 - II,07/01/2025,4 %
SAMANCO,2024 - II,08/01/2025,0 %
SAMANCO,2024 - II,09/01/2025,9 %
SAMANCO,2024 - II,11/01/2025,16 %
SAMANCO,2024 - II,12/01/2025,28 %
SAMANCO,2024 - II,13/01/2025,39 %
SUPE,2021 - I,30/04/2021,45 %
SUPE,2021 - I,01/05/2021,60 %
SUPE,2021 - I,03/05/2021,73 %
SUPE,2021 - I,04/05/2021,12 %
SUPE,2021 - I,05/05/2021,23 %
SUPE,2021 - I,06/05/2021,34 %
SUPE,2021 - I,07/05/2021,36 %
SUPE,2021 - I,08/05/2021,68 %
SUPE,2021 - I,09/05/2021,23 %
SUPE,2021 - I,10/05/2021,42 %
SUPE,2021 - I,11/05/2021,33 %
SUPE,2021 - I,14/05/2021,80 %
SUPE,2021 - I,23/05/2021,100 %
SUPE,2021 - I,24/05/2021,87 %
SUPE,2021 - I,25/05/2021,100 %
SUPE,2021 - I,30/05/2021,68 %
SUPE,2021 - I,03/06/2021,100 %
SUPE,2021 - I,04/06/2021,100 %
SUPE,2021 - II,15/11/2021,88 %
SUPE,2021 - II,16/11/2021,79 %
SUPE,2021 - II,17/11/2021,100 %
SUPE,2021 - II,18/11/2021,83 %
SUPE,2021 - II,19/11/2021,61 %
SUPE,2021 - II,20/11/2021,93 %
SUPE,2021 - II,21/11/2021,100 %
SUPE,2021 - II,22/11/2021,93 %
SUPE,2021 - II,23/11/2021,65 %
SUPE,2021 - II,24/11/2021,84 %
SUPE,2021 - II,25/11/2021,89 %
SUPE,2021 - II,26/11/2021,35 %
SUPE,2021 - II,27/11/2021,63 %
SUPE,2021 - II,28/11/2021,69 %
SUPE,2021 - II,29/11/2021,96 %
SUPE,2021 - II,01/12/2021,48 %
SUPE,2021 - II,02/12/2021,75 %
SUPE,2021 - II,03/12/2021,90 %
SUPE,2021 - II,04/12/2021,67 %
SUPE,2021 - II,05/12/2021,100 %
SUPE,2021 - II,06/12/2021,67 %
SUPE,2021 - II,07/12/2021,65 %
SUPE,2021 - II,08/12/2021,100 %
SUPE,2021 - II,09/12/2021,100 %
SUPE,2021 - II,10/12/2021,100 %
SUPE,2021 - II,11/12/2021,100 %
SUPE,2021 - II,12/12/2021,100 %
SUPE,2021 - II,13/12/2021,100 %
SUPE,2021 - II,15/12/2021,100 %
SUPE,2021 - II,16/12/2021,27 %
SUPE,2021 - II,17/12/2021,36 %
SUPE,2022 - I,05/05/2022,38 %
SUPE,2022 - I,06/05/2022,57 %
SUPE,2022 - I,07/05/2022,63 %
SUPE,2022 - I,08/05/2022,58 %
SUPE,2022 - I,11/05/2022,66 %
SUPE,2022 - I,12/05/2022,57 %
SUPE,2022 - I,13/05/2022,14 %
SUPE,2022 - I,14/05/2022,24 %
SUPE,2022 - I,16/05/2022,30 %
SUPE,2022 - I,17/05/2022,0 %
SUPE,2022 - I,19/05/2022,9 %
SUPE,2022 - I,21/05/2022,21 %
SUPE,2022 - I,22/05/2022,0 %
SUPE,2022 - I,23/05/2022,0 %
SUPE,2022 - I,24/05/2022,0 %
SUPE,2022 - I,26/05/2022,14 %
SUPE,2022 - I,27/05/2022,86 %
SUPE,2022 - I,28/05/2022,26 %
SUPE,2022 - I,29/05/2022,100 %
SUPE,2022 - I,30/05/2022,57 %
SUPE,2022 - I,31/05/2022,20 %
SUPE,2022 - I,01/06/2022,93 %
SUPE,2022 - I,02/06/2022,66 %
SUPE,2022 - I,03/06/2022,35 %
SUPE,2022 - I,09/06/2022,47 %
SUPE,2022 - I,10/06/2022,100 %
SUPE,2022 - I,11/06/2022,100 %
SUPE,2022 - I,12/06/2022,67 %
SUPE,2022 - I,13/06/2022,98 %
SUPE,2022 - I,15/06/2022,67 %
SUPE,2022 - I,16/06/2022,96 %
SUPE,2022 - I,17/06/2022,25 %
SUPE,2022 - I,18/06/2022,72 %
SUPE,2022 - I,19/06/2022,45 %
SUPE,2022 - I,20/06/2022,50 %
SUPE,2022 - I,21/06/2022,75 %
SUPE,2022 - I,22/06/2022,79 %
SUPE,2022 - I,02/07/2022,78 %
SUPE,2022 - I,03/07/2022,94 %
SUPE,2022 - I,05/07/2022,100 %
SUPE,2022 - I,06/07/2022,100 %
SUPE,2022 - I,07/07/2022,69 %
SUPE,2022 - I,09/07/2022,100 %
SUPE,2022 - I,11/07/2022,78 %
SUPE,2022 - II,23/11/2022,64 %
SUPE,2022 - II,26/11/2022,100 %
SUPE,2022 - II,28/11/2022,100 %
SUPE,2022 - II,30/11/2022,45 %
SUPE,2022 - II,04/12/2022,22 %
SUPE,2022 - II,05/12/2022,94 %
SUPE,2022 - II,06/12/2022,78 %
SUPE,2022 - II,08/12/2022,69 %
SUPE,2022 - II,09/12/2022,100 %
SUPE,2022 - II,10/12/2022,100 %
SUPE,2022 - II,12/12/2022,48 %
SUPE,2022 - II,14/12/2022,39 %
SUPE,2022 - II,15/12/2022,10 %
SUPE,2022 - II,16/12/2022,5 %
SUPE,2022 - II,17/12/2022,28 %
SUPE,2022 - II,18/12/2022,24 %
SUPE,2022 - II,19/12/2022,86 %
SUPE,2022 - II,20/12/2022,30 %
SUPE,2022 - II,21/12/2022,0 %
SUPE,2022 - II,22/12/2022,0 %
SUPE,2022 - II,27/12/2022,100 %
SUPE,2022 - II,29/12/2022,81 %
SUPE,2022 - II,30/12/2022,69 %
SUPE,2022 - II,02/01/2023,48 %
SUPE,2022 - II,14/01/2023,0 %
SUPE,2023 - II,21/10/2023,28 %
SUPE,2023 - II,22/10/2023,16 %
SUPE,2023 - II,25/10/2023,100 %
SUPE,2023 - II,26/10/2023,100 %
SUPE,2023 - II,31/10/2023,54 %
SUPE,2023 - II,01/11/2023,80 %
SUPE,2023 - II,02/11/2023,88 %
SUPE,2023 - II,03/11/2023,42 %
SUPE,2023 - II,05/11/2023,17 %
SUPE,2023 - II,06/11/2023,42 %
SUPE,2023 - II,07/11/2023,30 %
SUPE,2023 - II,08/11/2023,41 %
SUPE,2023 - II,09/11/2023,0 %
SUPE,2023 - II,11/11/2023,30 %
SUPE,2023 - II,12/11/2023,0 %
SUPE,2023 - II,13/11/2023,32 %
SUPE,2023 - II,14/11/2023,85 %
SUPE,2023 - II,15/11/2023,100 %
SUPE,2023 - II,21/11/2023,85 %
SUPE,2023 - II,22/11/2023,100 %
SUPE,2023 - II,23/11/2023,28 %
SUPE,2023 - II,28/11/2023,100 %
SUPE,2023 - II,30/11/2023,100 %
SUPE,2023 - II,01/12/2023,65 %
SUPE,2024 - I,17/04/2024,0 %
SUPE,2024 - I,19/04/2024,0 %
SUPE,2024 - I,24/04/2024,25 %
SUPE,2024 - I,25/04/2024,37 %
SUPE,2024 - I,27/04/2024,59 %
SUPE,2024 - I,28/04/2024,100 %
SUPE,2024 - I,29/04/2024,42 %
SUPE,2024 - I,30/04/2024,100 %
SUPE,2024 - I,01/05/2024,40 %
SUPE,2024 - I,02/05/2024,37 %
SUPE,2024 - I,03/05/2024,0 %
SUPE,2024 - I,04/05/2024,0 %
SUPE,2024 - I,05/05/2024,55 %
SUPE,2024 - I,06/05/2024,0 %
SUPE,2024 - I,07/05/2024,27 %
SUPE,2024 - I,08/05/2024,52 %
SUPE,2024 - I,09/05/2024,0 %
SUPE,2024 - I,10/05/2024,39 %
SUPE,2024 - I,11/05/2024,62 %
SUPE,2024 - I,12/05/2024,0 %
SUPE,2024 - I,14/05/2024,73 %
SUPE,2024 - I,15/05/2024,94 %
SUPE,2024 - I,19/05/2024,99 %
SUPE,2024 - I,20/05/2024,59 %
SUPE,2024 - I,21/05/2024,37 %
SUPE,2024 - I,22/05/2024,84 %
SUPE,2024 - I,23/05/2024,41 %
SUPE,2024 - I,24/05/2024,96 %
SUPE,2024 - I,25/05/2024,64 %
SUPE,2024 - I,26/05/2024,18 %
SUPE,2024 - I,27/05/2024,0 %
SUPE,2024 - I,28/05/2024,81 %
SUPE,2024 - I,29/05/2024,100 %
SUPE,2024 - I,30/05/2024,95 %
SUPE,2024 - I,31/05/2024,22 %
SUPE,2024 - I,04/06/2024,73 %
SUPE,2024 - II,01/11/2024,100 %
SUPE,2024 - II,02/11/2024,100 %
SUPE,2024 - II,03/11/2024,100 %
SUPE,2024 - II,04/11/2024,100 %
SUPE,2024 - II,05/11/2024,86 %
SUPE,2024 - II,08/11/2024,98 %
SUPE,2024 - II,10/11/2024,63 %
SUPE,2024 - II,11/11/2024,71 %
SUPE,2024 - II,12/11/2024,65 %
SUPE,2024 - II,13/11/2024,77 %
SUPE,2024 - II,14/11/2024,33 %
SUPE,2024 - II,15/11/2024,48 %
SUPE,2024 - II,16/11/2024,0 %
SUPE,2024 - II,17/11/2024,0 %
SUPE,2024 - II,23/11/2024,66 %
SUPE,2024 - II,24/11/2024,96 %
SUPE,2024 - II,09/12/2024,32 %
SUPE,2024 - II,13/12/2024,44 %
SUPE,2024 - II,15/12/2024,64 %
SUPE,2024 - II,17/12/2024,100 %
SUPE,2024 - II,18/12/2024,100 %
SUPE,2024 - II,23/12/2024,89 %
SUPE,2024 - II,27/12/2024,73 %
SUPE,2024 - II,30/12/2024,59 %
SUPE,2024 - II,31/12/2024,11 %
SUPE,2024 - II,05/01/2025,100 %
SUPE,2024 - II,06/01/2025,47 %
SUPE,2024 - II,07/01/2025,69 %
SUPE,2024 - II,08/01/2025,80 %
SUPE,2024 - II,09/01/2025,100 %
SUPE,2024 - II,10/01/2025,56 %
SUPE,2024 - II,11/01/2025,100 %
SUPE,2024 - II,12/01/2025,70 %
SUPE,2024 - II,13/01/2025,51 %
SUPE,2024 - II,14/01/2025,0 %
SUPE,2024 - II,15/01/2025,0 %
SUPE,2024 - II,16/01/2025,55 %
SUPE,2024 - II,17/01/2025,73 %
VEGUETA,2021 - I,30/04/2021,57 %
VEGUETA,2021 - I,01/05/2021,71 %
VEGUETA,2021 - I,02/05/2021,64 %
VEGUETA,2021 - I,03/05/2021,82 %
VEGUETA,2021 - I,04/05/2021,55 %
VEGUETA,2021 - I,05/05/2021,53 %
VEGUETA,2021 - I,06/05/2021,74 %
VEGUETA,2021 - I,07/05/2021,63 %
VEGUETA,2021 - I,08/05/2021,54 %
VEGUETA,2021 - I,09/05/2021,36 %
VEGUETA,2021 - I,10/05/2021,34 %
VEGUETA,2021 - I,11/05/2021,68 %
VEGUETA,2021 - I,12/05/2021,66 %
VEGUETA,2021 - I,13/05/2021,86 %
VEGUETA,2021 - I,14/05/2021,69 %
VEGUETA,2021 - I,15/05/2021,92 %
VEGUETA,2021 - I,16/05/2021,78 %
VEGUETA,2021 - I,18/05/2021,57 %
VEGUETA,2021 - I,22/05/2021,100 %
VEGUETA,2021 - I,23/05/2021,90 %
VEGUETA,2021 - I,24/05/2021,66 %
VEGUETA,2021 - I,28/05/2021,99 %
VEGUETA,2021 - I,29/05/2021,100 %
VEGUETA,2021 - I,30/05/2021,83 %
VEGUETA,2021 - I,03/06/2021,39 %
VEGUETA,2021 - I,04/06/2021,60 %
VEGUETA,2021 - I,05/06/2021,100 %
VEGUETA,2021 - I,06/06/2021,68 %
VEGUETA,2021 - I,07/06/2021,100 %
VEGUETA,2021 - I,09/06/2021,100 %
VEGUETA,2021 - I,10/06/2021,100 %
VEGUETA,2021 - I,16/06/2021,100 %
VEGUETA,2021 - I,17/06/2021,91 %
VEGUETA,2021 - I,18/06/2021,31 %
VEGUETA,2021 - I,23/06/2021,45 %
VEGUETA,2021 - I,03/07/2021,35 %
VEGUETA,2021 - I,05/07/2021,87 %
VEGUETA,2021 - II,15/11/2021,0 %
VEGUETA,2021 - II,17/11/2021,76 %
VEGUETA,2021 - II,18/11/2021,100 %
VEGUETA,2021 - II,19/11/2021,51 %
VEGUETA,2021 - II,20/11/2021,71 %
VEGUETA,2021 - II,21/11/2021,97 %
VEGUETA,2021 - II,22/11/2021,83 %
VEGUETA,2021 - II,23/11/2021,38 %
VEGUETA,2021 - II,24/11/2021,78 %
VEGUETA,2021 - II,25/11/2021,84 %
VEGUETA,2021 - II,26/11/2021,20 %
VEGUETA,2021 - II,27/11/2021,60 %
VEGUETA,2021 - II,28/11/2021,52 %
VEGUETA,2021 - II,29/11/2021,42 %
VEGUETA,2021 - II,30/11/2021,0 %
VEGUETA,2021 - II,01/12/2021,23 %
VEGUETA,2021 - II,02/12/2021,28 %
VEGUETA,2021 - II,03/12/2021,22 %
VEGUETA,2021 - II,04/12/2021,79 %
VEGUETA,2021 - II,05/12/2021,100 %
VEGUETA,2021 - II,06/12/2021,70 %
VEGUETA,2021 - II,07/12/2021,84 %
VEGUETA,2021 - II,08/12/2021,91 %
VEGUETA,2021 - II,09/12/2021,100 %
VEGUETA,2021 - II,10/12/2021,80 %
VEGUETA,2021 - II,11/12/2021,100 %
VEGUETA,2021 - II,12/12/2021,100 %
VEGUETA,2021 - II,13/12/2021,100 %
VEGUETA,2021 - II,14/12/2021,82 %
VEGUETA,2021 - II,15/12/2021,83 %
VEGUETA,2021 - II,16/12/2021,33 %
VEGUETA,2021 - II,17/12/2021,72 %
VEGUETA,2021 - II,18/12/2021,53 %
VEGUETA,2021 - II,19/12/2021,71 %
VEGUETA,2021 - II,20/12/2021,72 %
VEGUETA,2022 - I,04/05/2022,6 %
VEGUETA,2022 - I,05/05/2022,18 %
VEGUETA,2022 - I,06/05/2022,0 %
VEGUETA,2022 - I,07/05/2022,0 %
VEGUETA,2022 - I,08/05/2022,24 %
VEGUETA,2022 - I,10/05/2022,91 %
VEGUETA,2022 - I,11/05/2022,52 %
VEGUETA,2022 - I,12/05/2022,0 %
VEGUETA,2022 - I,13/05/2022,12 %
VEGUETA,2022 - I,14/05/2022,0 %
VEGUETA,2022 - I,16/05/2022,46 %
VEGUETA,2022 - I,18/05/2022,21 %
VEGUETA,2022 - I,19/05/2022,17 %
VEGUETA,2022 - I,21/05/2022,8 %
VEGUETA,2022 - I,22/05/2022,20 %
VEGUETA,2022 - I,23/05/2022,0 %
VEGUETA,2022 - I,24/05/2022,87 %
VEGUETA,2022 - I,26/05/2022,50 %
VEGUETA,2022 - I,28/05/2022,60 %
VEGUETA,2022 - I,29/05/2022,63 %
VEGUETA,2022 - I,30/05/2022,94 %
VEGUETA,2022 - I,31/05/2022,58 %
VEGUETA,2022 - I,01/06/2022,69 %
VEGUETA,2022 - I,02/06/2022,67 %
VEGUETA,2022 - I,03/06/2022,65 %
VEGUETA,2022 - I,10/06/2022,100 %
VEGUETA,2022 - I,11/06/2022,85 %
VEGUETA,2022 - I,12/06/2022,78 %
VEGUETA,2022 - I,13/06/2022,87 %
VEGUETA,2022 - I,15/06/2022,93 %
VEGUETA,2022 - I,16/06/2022,47 %
VEGUETA,2022 - I,18/06/2022,73 %
VEGUETA,2022 - I,19/06/2022,15 %
VEGUETA,2022 - I,20/06/2022,74 %
VEGUETA,2022 - I,21/06/2022,37 %
VEGUETA,2022 - I,22/06/2022,76 %
VEGUETA,2022 - I,02/07/2022,60 %
VEGUETA,2022 - I,03/07/2022,94 %
VEGUETA,2022 - I,05/07/2022,77 %
VEGUETA,2022 - I,06/07/2022,93 %
VEGUETA,2022 - I,07/07/2022,43 %
VEGUETA,2022 - I,11/07/2022,25 %
VEGUETA,2022 - I,12/07/2022,0 %
VEGUETA,2022 - I,13/07/2022,19 %
VEGUETA,2022 - I,14/07/2022,68 %
VEGUETA,2022 - I,23/07/2022,24 %
VEGUETA,2022 - II,23/11/2022,100 %
VEGUETA,2022 - II,24/11/2022,100 %
VEGUETA,2022 - II,27/11/2022,43 %
VEGUETA,2022 - II,28/11/2022,85 %
VEGUETA,2022 - II,30/11/2022,98 %
VEGUETA,2022 - II,01/12/2022,88 %
VEGUETA,2022 - II,02/12/2022,73 %
VEGUETA,2022 - II,04/12/2022,48 %
VEGUETA,2022 - II,07/12/2022,38 %
VEGUETA,2022 - II,08/12/2022,0 %
VEGUETA,2022 - II,09/12/2022,42 %
VEGUETA,2022 - II,10/12/2022,100 %
VEGUETA,2022 - II,11/12/2022,88 %
VEGUETA,2022 - II,12/12/2022,50 %
VEGUETA,2022 - II,13/12/2022,100 %
VEGUETA,2022 - II,14/12/2022,42 %
VEGUETA,2022 - II,15/12/2022,21 %
VEGUETA,2022 - II,16/12/2022,0 %
VEGUETA,2022 - II,18/12/2022,27 %
VEGUETA,2022 - II,19/12/2022,0 %
VEGUETA,2022 - II,20/12/2022,39 %
VEGUETA,2022 - II,21/12/2022,40 %
VEGUETA,2022 - II,29/12/2022,83 %
VEGUETA,2022 - II,30/12/2022,73 %
VEGUETA,2022 - II,03/01/2023,95 %
VEGUETA,2022 - II,04/01/2023,0 %
VEGUETA,2022 - II,07/01/2023,59 %
VEGUETA,2022 - II,10/01/2023,0 %
VEGUETA,2022 - II,14/01/2023,56 %
VEGUETA,2023 - I,07/08/2023,40 %
VEGUETA,2023 - I,08/08/2023,35 %
VEGUETA,2023 - I,09/08/2023,0 %
VEGUETA,2023 - I,10/08/2023,16 %
VEGUETA,2023 - II,21/10/2023,32 %
VEGUETA,2023 - II,22/10/2023,0 %
VEGUETA,2023 - II,23/10/2023,16 %
VEGUETA,2023 - II,24/10/2023,72 %
VEGUETA,2023 - II,25/10/2023,59 %
VEGUETA,2023 - II,26/10/2023,55 %
VEGUETA,2023 - II,27/10/2023,0 %
VEGUETA,2023 - II,28/10/2023,80 %
VEGUETA,2023 - II,31/10/2023,55 %
VEGUETA,2023 - II,01/11/2023,5 %
VEGUETA,2023 - II,02/11/2023,8 %
VEGUETA,2023 - II,03/11/2023,0 %
VEGUETA,2023 - II,04/11/2023,0 %
VEGUETA,2023 - II,05/11/2023,15 %
VEGUETA,2023 - II,06/11/2023,14 %
VEGUETA,2023 - II,07/11/2023,17 %
VEGUETA,2023 - II,08/11/2023,12 %
VEGUETA,2023 - II,09/11/2023,0 %
VEGUETA,2023 - II,10/11/2023,11 %
VEGUETA,2023 - II,12/11/2023,41 %
VEGUETA,2023 - II,13/11/2023,5 %
VEGUETA,2023 - II,19/11/2023,100 %
VEGUETA,2023 - II,20/11/2023,100 %
VEGUETA,2023 - II,21/11/2023,64 %
VEGUETA,2023 - II,22/11/2023,55 %
VEGUETA,2023 - II,23/11/2023,85 %
VEGUETA,2023 - II,26/11/2023,80 %
VEGUETA,2023 - II,03/12/2023,100 %
VEGUETA,2023 - II,07/12/2023,100 %
VEGUETA,2023 - II,08/12/2023,97 %
VEGUETA,2023 - II,09/12/2023,100 %
VEGUETA,2023 - II,10/12/2023,100 %
VEGUETA,2023 - II,11/12/2023,92 %
VEGUETA,2024 - I,16/04/2024,48 %
VEGUETA,2024 - I,17/04/2024,11 %
VEGUETA,2024 - I,18/04/2024,12 %
VEGUETA,2024 - I,19/04/2024,35 %
VEGUETA,2024 - I,20/04/2024,0 %
VEGUETA,2024 - I,21/04/2024,6 %
VEGUETA,2024 - I,22/04/2024,10 %
VEGUETA,2024 - I,25/04/2024,82 %
VEGUETA,2024 - I,26/04/2024,42 %
VEGUETA,2024 - I,27/04/2024,33 %
VEGUETA,2024 - I,28/04/2024,95 %
VEGUETA,2024 - I,29/04/2024,74 %
VEGUETA,2024 - I,30/04/2024,54 %
VEGUETA,2024 - I,01/05/2024,17 %
VEGUETA,2024 - I,02/05/2024,50 %
VEGUETA,2024 - I,03/05/2024,0 %
VEGUETA,2024 - I,04/05/2024,0 %
VEGUETA,2024 - I,05/05/2024,7 %
VEGUETA,2024 - I,06/05/2024,0 %
VEGUETA,2024 - I,07/05/2024,47 %
VEGUETA,2024 - I,08/05/2024,17 %
VEGUETA,2024 - I,09/05/2024,19 %
VEGUETA,2024 - I,10/05/2024,25 %
VEGUETA,2024 - I,11/05/2024,0 %
VEGUETA,2024 - I,12/05/2024,30 %
VEGUETA,2024 - I,13/05/2024,64 %
VEGUETA,2024 - I,14/05/2024,42 %
VEGUETA,2024 - I,15/05/2024,78 %
VEGUETA,2024 - I,16/05/2024,57 %
VEGUETA,2024 - I,17/05/2024,59 %
VEGUETA,2024 - I,18/05/2024,100 %
VEGUETA,2024 - I,19/05/2024,94 %
VEGUETA,2024 - I,20/05/2024,100 %
VEGUETA,2024 - I,21/05/2024,91 %
VEGUETA,2024 - I,22/05/2024,90 %
VEGUETA,2024 - I,23/05/2024,71 %
VEGUETA,2024 - I,24/05/2024,84 %
VEGUETA,2024 - I,25/05/2024,79 %
VEGUETA,2024 - I,26/05/2024,11 %
VEGUETA,2024 - I,27/05/2024,34 %
VEGUETA,2024 - I,28/05/2024,93 %
VEGUETA,2024 - II,01/11/2024,58 %
VEGUETA,2024 - II,02/11/2024,63 %
VEGUETA,2024 - II,03/11/2024,81 %
VEGUETA,2024 - II,04/11/2024,56 %
VEGUETA,2024 - II,05/11/2024,89 %
VEGUETA,2024 - II,08/11/2024,77 %
VEGUETA,2024 - II,09/11/2024,100 %
VEGUETA,2024 - II,11/11/2024,71 %
VEGUETA,2024 - II,12/11/2024,81 %
VEGUETA,2024 - II,13/11/2024,83 %
VEGUETA,2024 - II,14/11/2024,70 %
VEGUETA,2024 - II,15/11/2024,5 %
VEGUETA,2024 - II,16/11/2024,0 %
VEGUETA,2024 - II,17/11/2024,91 %
VEGUETA,2024 - II,18/11/2024,44 %
VEGUETA,2024 - II,19/11/2024,65 %
VEGUETA,2024 - II,20/11/2024,73 %
VEGUETA,2024 - II,21/11/2024,19 %
VEGUETA,2024 - II,22/11/2024,22 %
VEGUETA,2024 - II,23/11/2024,76 %
VEGUETA,2024 - II,24/11/2024,67 %
VEGUETA,2024 - II,25/11/2024,0 %
VEGUETA,2024 - II,28/11/2024,0 %
VEGUETA,2024 - II,29/11/2024,27 %
VEGUETA,2024 - II,03/12/2024,52 %
VEGUETA,2024 - II,04/12/2024,61 %
VEGUETA,2024 - II,13/12/2024,16 %
VEGUETA,2024 - II,14/12/2024,0 %
VEGUETA,2024 - II,15/12/2024,18 %
CALLAO,2023 - II,,0 %
CALLAO,2021 - I,24/04/2021,40 %
CALLAO,2021 - I,25/04/2021,6 %
CALLAO,2021 - I,26/04/2021,0 %
CALLAO,2021 - I,27/04/2021,78 %
CALLAO,2021 - I,28/04/2021,56 %
CALLAO,2021 - I,29/04/2021,42 %
CALLAO,2021 - I,30/04/2021,26 %
CALLAO,2021 - I,01/05/2021,55 %
CALLAO,2021 - I,02/05/2021,46 %
CALLAO,2021 - I,03/05/2021,65 %
CALLAO,2021 - I,04/05/2021,3 %
CALLAO,2021 - I,05/05/2021,29 %
CALLAO,2021 - I,06/05/2021,0 %
CALLAO,2021 - I,10/05/2021,32 %
CALLAO,2021 - I,11/05/2021,30 %
CALLAO,2021 - I,12/05/2021,36 %
CALLAO,2021 - I,13/05/2021,39 %
CALLAO,2021 - I,14/05/2021,55 %
CALLAO,2021 - I,15/05/2021,40 %
CALLAO,2021 - I,16/05/2021,0 %
CALLAO,2021 - I,17/05/2021,0 %
CALLAO,2021 - I,18/05/2021,0 %
CALLAO,2021 - I,21/05/2021,30 %
CALLAO,2021 - I,22/05/2021,61 %
CALLAO,2021 - I,23/05/2021,69 %
CALLAO,2021 - I,24/05/2021,70 %
CALLAO,2021 - I,25/05/2021,32 %
CALLAO,2021 - I,26/05/2021,100 %
CALLAO,2021 - I,28/05/2021,0 %
CALLAO,2021 - I,29/05/2021,100 %
CALLAO,2021 - I,30/05/2021,100 %
CALLAO,2021 - I,01/06/2021,0 %
CALLAO,2021 - I,02/06/2021,100 %
CALLAO,2021 - I,03/06/2021,87 %
CALLAO,2021 - I,04/06/2021,43 %
CALLAO,2021 - I,05/06/2021,66 %
CALLAO,2021 - I,06/06/2021,85 %
CALLAO,2021 - I,07/06/2021,50 %
CALLAO,2021 - I,08/06/2021,72 %
CALLAO,2021 - I,09/06/2021,53 %
CALLAO,2021 - I,10/06/2021,0 %
CALLAO,2021 - I,11/06/2021,100 %
CALLAO,2021 - I,12/06/2021,76 %
CALLAO,2021 - I,13/06/2021,100 %
CALLAO,2021 - I,15/06/2021,61 %
CALLAO,2021 - I,19/06/2021,73 %
CALLAO,2021 - I,22/06/2021,100 %
CALLAO,2021 - II,15/11/2021,7 %
CALLAO,2021 - II,16/11/2021,36 %
CALLAO,2021 - II,17/11/2021,23 %
CALLAO,2021 - II,18/11/2021,47 %
CALLAO,2021 - II,19/11/2021,55 %
CALLAO,2021 - II,20/11/2021,89 %
CALLAO,2021 - II,21/11/2021,95 %
CALLAO,2021 - II,22/11/2021,81 %
CALLAO,2021 - II,23/11/2021,90 %
CALLAO,2021 - II,24/11/2021,85 %
CALLAO,2021 - II,27/11/2021,92 %
CALLAO,2021 - II,28/11/2021,97 %
CALLAO,2021 - II,29/11/2021,83 %
CALLAO,2021 - II,30/11/2021,100 %
CALLAO,2021 - II,01/12/2021,86 %
CALLAO,2021 - II,03/12/2021,69 %
CALLAO,2021 - II,04/12/2021,93 %
CALLAO,2021 - II,06/12/2021,77 %
CALLAO,2021 - II,07/12/2021,89 %
CALLAO,2021 - II,08/12/2021,83 %
CALLAO,2021 - II,09/12/2021,99 %
CALLAO,2021 - II,10/12/2021,100 %
CALLAO,2021 - II,11/12/2021,79 %
CALLAO,2021 - II,12/12/2021,4 %
CALLAO,2021 - II,13/12/2021,88 %
CALLAO,2021 - II,14/12/2021,84 %
CALLAO,2021 - II,15/12/2021,79 %
CALLAO,2021 - II,16/12/2021,97 %
CALLAO,2021 - II,17/12/2021,78 %
CALLAO,2021 - II,18/12/2021,88 %
CALLAO,2021 - II,19/12/2021,100 %
CALLAO,2021 - II,20/12/2021,54 %
CALLAO,2021 - II,21/12/2021,67 %
CALLAO,2021 - II,22/12/2021,100 %
CALLAO,2021 - II,23/12/2021,91 %
CALLAO,2021 - II,25/12/2021,48 %
CALLAO,2021 - II,26/12/2021,55 %
CALLAO,2021 - II,27/12/2021,100 %
CALLAO,2021 - II,28/12/2021,62 %
CALLAO,2021 - II,29/12/2021,78 %
CALLAO,2021 - II,31/12/2021,73 %
CALLAO,2021 - II,01/01/2022,49 %
CALLAO,2021 - II,02/01/2022,66 %
CALLAO,2021 - II,03/01/2022,0 %
CALLAO,2022 - I,04/05/2022,63 %
CALLAO,2022 - I,05/05/2022,72 %
CALLAO,2022 - I,06/05/2022,86 %
CALLAO,2022 - I,07/05/2022,72 %
CALLAO,2022 - I,08/05/2022,49 %
CALLAO,2022 - I,09/05/2022,83 %
CALLAO,2022 - I,10/05/2022,42 %
CALLAO,2022 - I,11/05/2022,57 %
CALLAO,2022 - I,12/05/2022,3 %
CALLAO,2022 - I,18/05/2022,12 %
CALLAO,2022 - I,19/05/2022,59 %
CALLAO,2022 - I,20/05/2022,0 %
CALLAO,2022 - I,21/05/2022,100 %
CALLAO,2022 - I,22/05/2022,46 %
CALLAO,2022 - I,23/05/2022,18 %
CALLAO,2022 - I,24/05/2022,0 %
CALLAO,2022 - I,25/05/2022,0 %
CALLAO,2022 - I,26/05/2022,0 %
CALLAO,2022 - I,27/05/2022,0 %
CALLAO,2022 - I,28/05/2022,40 %
CALLAO,2022 - I,29/05/2022,25 %
CALLAO,2022 - I,30/05/2022,65 %
CALLAO,2022 - I,31/05/2022,57 %
CALLAO,2022 - I,01/06/2022,71 %
CALLAO,2022 - I,02/06/2022,52 %
CALLAO,2022 - I,09/06/2022,45 %
CALLAO,2022 - I,10/06/2022,78 %
CALLAO,2022 - I,11/06/2022,81 %
CALLAO,2022 - I,12/06/2022,92 %
CALLAO,2022 - I,13/06/2022,78 %
CALLAO,2022 - I,14/06/2022,41 %
CALLAO,2022 - I,16/06/2022,2 %
CALLAO,2022 - I,20/06/2022,89 %
CALLAO,2022 - I,21/06/2022,75 %
CALLAO,2022 - I,22/06/2022,85 %
CALLAO,2022 - I,01/07/2022,100 %
CALLAO,2022 - I,02/07/2022,79 %
CALLAO,2022 - I,03/07/2022,66 %
CALLAO,2022 - I,04/07/2022,91 %
CALLAO,2022 - I,05/07/2022,54 %
CALLAO,2022 - I,12/07/2022,54 %
CALLAO,2022 - I,13/07/2022,58 %
CALLAO,2022 - I,14/07/2022,83 %
CALLAO,2022 - I,19/07/2022,68 %
CALLAO,2022 - I,20/07/2022,50 %
CALLAO,2022 - I,21/07/2022,87 %
CALLAO,2022 - I,22/07/2022,86 %
CALLAO,2022 - I,23/07/2022,83 %
CALLAO,2022 - II,23/11/2022,100 %
CALLAO,2022 - II,24/11/2022,66 %
CALLAO,2022 - II,25/11/2022,100 %
CALLAO,2022 - II,26/11/2022,71 %
CALLAO,2022 - II,27/11/2022,37 %
CALLAO,2022 - II,28/11/2022,54 %
CALLAO,2022 - II,29/11/2022,60 %
CALLAO,2022 - II,30/11/2022,50 %
CALLAO,2022 - II,01/12/2022,100 %
CALLAO,2022 - II,02/12/2022,83 %
CALLAO,2022 - II,03/12/2022,63 %
CALLAO,2022 - II,04/12/2022,74 %
CALLAO,2022 - II,05/12/2022,51 %
CALLAO,2022 - II,06/12/2022,43 %
CALLAO,2022 - II,07/12/2022,0 %
CALLAO,2022 - II,10/12/2022,2 %
CALLAO,2022 - II,11/12/2022,96 %
CALLAO,2022 - II,13/12/2022,88 %
CALLAO,2022 - II,14/12/2022,45 %
CALLAO,2022 - II,15/12/2022,43 %
CALLAO,2022 - II,16/12/2022,40 %
CALLAO,2022 - II,17/12/2022,96 %
CALLAO,2022 - II,18/12/2022,0 %
CALLAO,2022 - II,19/12/2022,0 %
CALLAO,2022 - II,20/12/2022,70 %
CALLAO,2022 - II,21/12/2022,59 %
CALLAO,2022 - II,22/12/2022,9 %
CALLAO,2022 - II,26/12/2022,25 %
CALLAO,2022 - II,27/12/2022,78 %
CALLAO,2022 - II,28/12/2022,71 %
CALLAO,2022 - II,29/12/2022,0 %
CALLAO,2022 - II,30/12/2022,0 %
CALLAO,2022 - II,31/12/2022,0 %
CALLAO,2022 - II,01/01/2023,0 %
CALLAO,2022 - II,02/01/2023,56 %
CALLAO,2022 - II,03/01/2023,89 %
CALLAO,2022 - II,04/01/2023,44 %
CALLAO,2022 - II,06/01/2023,25 %
CALLAO,2022 - II,07/01/2023,0 %
CALLAO,2022 - II,08/01/2023,75 %
CALLAO,2022 - II,09/01/2023,84 %
CALLAO,2022 - II,10/01/2023,64 %
CALLAO,2022 - II,14/01/2023,4 %
CALLAO,2022 - II,15/01/2023,72 %
CALLAO,2022 - II,16/01/2023,0 %
CALLAO,2022 - II,17/01/2023,0 %
CALLAO,2022 - II,18/01/2023,0 %
CALLAO,2022 - II,19/01/2023,0 %
CALLAO,2022 - II,21/01/2023,0 %
CALLAO,2022 - II,22/01/2023,34 %
CALLAO,2022 - II,23/01/2023,0 %
CALLAO,2022 - II,24/01/2023,5 %
CALLAO,2022 - II,25/01/2023,56 %
CALLAO,2022 - II,27/01/2023,67 %
CALLAO,2022 - II,28/01/2023,0 %
CALLAO,2022 - II,29/01/2023,0 %
CALLAO,2022 - II,30/01/2023,63 %
CALLAO,2022 - II,31/01/2023,0 %
CALLAO,2022 - II,01/02/2023,74 %
CALLAO,2023 - I,03/06/2023,16 %
CALLAO,2023 - I,04/06/2023,0 %
CALLAO,2023 - I,05/08/2023,0 %
CALLAO,2023 - II,21/10/2023,35 %
CALLAO,2023 - II,23/10/2023,38 %
CALLAO,2023 - II,24/10/2023,5 %
CALLAO,2023 - II,25/10/2023,0 %
CALLAO,2023 - II,26/10/2023,80 %
CALLAO,2023 - II,27/10/2023,84 %
CALLAO,2023 - II,28/10/2023,52 %
CALLAO,2023 - II,29/10/2023,66 %
CALLAO,2023 - II,31/10/2023,82 %
CALLAO,2023 - II,01/11/2023,36 %
CALLAO,2023 - II,02/11/2023,29 %
CALLAO,2023 - II,03/11/2023,0 %
CALLAO,2023 - II,04/11/2023,13 %
CALLAO,2023 - II,05/11/2023,18 %
CALLAO,2023 - II,06/11/2023,54 %
CALLAO,2023 - II,07/11/2023,47 %
CALLAO,2023 - II,08/11/2023,46 %
CALLAO,2023 - II,09/11/2023,0 %
CALLAO,2023 - II,11/11/2023,6 %
CALLAO,2023 - II,12/11/2023,41 %
CALLAO,2023 - II,13/11/2023,0 %
CALLAO,2023 - II,14/11/2023,15 %
CALLAO,2023 - II,15/11/2023,46 %
CALLAO,2023 - II,16/11/2023,9 %
CALLAO,2023 - II,17/11/2023,54 %
CALLAO,2023 - II,19/11/2023,63 %
CALLAO,2023 - II,20/11/2023,41 %
CALLAO,2023 - II,21/11/2023,75 %
CALLAO,2023 - II,22/11/2023,68 %
CALLAO,2023 - II,23/11/2023,10 %
CALLAO,2023 - II,24/11/2023,16 %
CALLAO,2023 - II,25/11/2023,67 %
CALLAO,2023 - II,26/11/2023,41 %
CALLAO,2023 - II,27/11/2023,27 %
CALLAO,2023 - II,28/11/2023,43 %
CALLAO,2023 - II,29/11/2023,21 %
CALLAO,2023 - II,30/11/2023,16 %
CALLAO,2023 - II,01/12/2023,72 %
CALLAO,2023 - II,03/12/2023,79 %
CALLAO,2023 - II,04/12/2023,66 %
CALLAO,2023 - II,05/12/2023,33 %
CALLAO,2023 - II,06/12/2023,28 %
CALLAO,2023 - II,10/12/2023,57 %
CALLAO,2023 - II,11/12/2023,0 %
CALLAO,2023 - II,17/12/2023,0 %
CALLAO,2023 - II,18/12/2023,0 %
CALLAO,2023 - II,19/12/2023,0 %
CALLAO,2023 - II,29/12/2023,90 %
CALLAO,2023 - II,30/12/2023,96 %
CALLAO,2023 - II,31/12/2023,58 %
CALLAO,2023 - II,01/01/2024,8 %
CALLAO,2023 - II,02/01/2024,0 %
CALLAO,2023 - II,03/01/2024,0 %
CALLAO,2023 - II,05/01/2024,0 %
CALLAO,2023 - II,06/01/2024,0 %
CALLAO,2023 - II,07/01/2024,0 %
CALLAO,2023 - II,08/01/2024,32 %
CALLAO,2023 - II,09/01/2024,59 %
CALLAO,2023 - II,10/01/2024,10 %
CALLAO,2023 - II,11/01/2024,17 %
CALLAO,2023 - II,12/01/2024,0 %
CALLAO,2024 - I,16/04/2024,0 %
CALLAO,2024 - I,17/04/2024,0 %
CALLAO,2024 - I,18/04/2024,0 %
CALLAO,2024 - I,20/04/2024,16 %
CALLAO,2024 - I,21/04/2024,4 %
CALLAO,2024 - I,22/04/2024,9 %
CALLAO,2024 - I,23/04/2024,49 %
CALLAO,2024 - I,24/04/2024,46 %
CALLAO,2024 - I,25/04/2024,24 %
CALLAO,2024 - I,26/04/2024,0 %
CALLAO,2024 - I,27/04/2024,3 %
CALLAO,2024 - I,28/04/2024,67 %
CALLAO,2024 - I,29/04/2024,0 %
CALLAO,2024 - I,30/04/2024,35 %
CALLAO,2024 - I,01/05/2024,62 %
CALLAO,2024 - I,02/05/2024,0 %
CALLAO,2024 - I,03/05/2024,0 %
CALLAO,2024 - I,06/05/2024,9 %
CALLAO,2024 - I,07/05/2024,0 %
CALLAO,2024 - I,08/05/2024,0 %
CALLAO,2024 - I,09/05/2024,0 %
CALLAO,2024 - I,10/05/2024,10 %
CALLAO,2024 - I,11/05/2024,66 %
CALLAO,2024 - I,12/05/2024,23 %
CALLAO,2024 - I,13/05/2024,0 %
CALLAO,2024 - I,14/05/2024,0 %
CALLAO,2024 - I,15/05/2024,52 %
CALLAO,2024 - I,17/05/2024,0 %
CALLAO,2024 - I,18/05/2024,67 %
CALLAO,2024 - I,25/05/2024,55 %
CALLAO,2024 - I,26/05/2024,0 %
CALLAO,2024 - I,30/05/2024,0 %
CALLAO,2024 - I,31/05/2024,0 %
CALLAO,2024 - I,01/06/2024,64 %
CALLAO,2024 - I,02/06/2024,60 %
CALLAO,2024 - I,03/06/2024,0 %
CALLAO,2024 - II,01/11/2024,82 %
CALLAO,2024 - II,02/11/2024,87 %
CALLAO,2024 - II,03/11/2024,78 %
CALLAO,2024 - II,04/11/2024,91 %
CALLAO,2024 - II,05/11/2024,98 %
CALLAO,2024 - II,06/11/2024,58 %
CALLAO,2024 - II,07/11/2024,85 %
CALLAO,2024 - II,08/11/2024,73 %
CALLAO,2024 - II,09/11/2024,95 %
CALLAO,2024 - II,10/11/2024,65 %
CALLAO,2024 - II,11/11/2024,100 %
CALLAO,2024 - II,14/11/2024,80 %
CALLAO,2024 - II,15/11/2024,70 %
CALLAO,2024 - II,16/11/2024,92 %
CALLAO,2024 - II,17/11/2024,89 %
CALLAO,2024 - II,18/11/2024,43 %
CALLAO,2024 - II,19/11/2024,52 %
CALLAO,2024 - II,20/11/2024,85 %
CALLAO,2024 - II,21/11/2024,0 %
CALLAO,2024 - II,22/11/2024,14 %
CALLAO,2024 - II,23/11/2024,11 %
CALLAO,2024 - II,25/11/2024,24 %
CALLAO,2024 - II,26/11/2024,75 %
CALLAO,2024 - II,27/11/2024,58 %
CALLAO,2024 - II,28/11/2024,48 %
CALLAO,2024 - II,29/11/2024,7 %
CALLAO,2024 - II,30/11/2024,63 %
CALLAO,2024 - II,01/12/2024,33 %
CALLAO,2024 - II,02/12/2024,39 %
CALLAO,2024 - II,03/12/2024,0 %
CALLAO,2024 - II,05/12/2024,0 %
CALLAO,2024 - II,06/12/2024,92 %
CALLAO,2024 - II,07/12/2024,97 %
CALLAO,2024 - II,08/12/2024,78 %
CALLAO,2024 - II,09/12/2024,93 %
CALLAO,2024 - II,10/12/2024,37 %
CALLAO,2024 - II,11/12/2024,82 %
CALLAO,2024 - II,12/12/2024,80 %
CALLAO,2024 - II,16/12/2024,39 %
CALLAO,2024 - II,17/12/2024,60 %
CALLAO,2024 - II,18/12/2024,71 %
CALLAO,2024 - II,19/12/2024,65 %
CALLAO,2024 - II,20/12/2024,49 %
CALLAO,2024 - II,21/12/2024,57 %
CALLAO,2024 - II,22/12/2024,29 %
CALLAO,2024 - II,23/12/2024,72 %
CALLAO,2024 - II,27/12/2024,19 %
CALLAO,2024 - II,30/12/2024,24 %
CALLAO,2024 - II,31/12/2024,63 %
CALLAO,2024 - II,01/01/2025,56 %
CALLAO,2024 - II,02/01/2025,24 %
CALLAO,2024 - II,03/01/2025,75 %
CALLAO,2024 - II,04/01/2025,80 %
CALLAO,2024 - II,05/01/2025,81 %
CALLAO,2024 - II,18/01/2025,74 %
CALLAO,2024 - II,19/01/2025,54 %
CALLAO,2024 - II,20/01/2025,32 %
PISCO SUR,2021 - I,26/04/2021,74 %
PISCO SUR,2021 - I,27/04/2021,34 %
PISCO SUR,2021 - I,28/04/2021,39 %
PISCO SUR,2021 - I,29/04/2021,12 %
PISCO SUR,2021 - I,30/04/2021,6 %
PISCO SUR,2021 - I,01/05/2021,0 %
PISCO SUR,2021 - I,02/05/2021,0 %
PISCO SUR,2021 - I,03/05/2021,0 %
PISCO SUR,2021 - I,05/05/2021,0 %
PISCO SUR,2021 - I,06/05/2021,25 %
PISCO SUR,2021 - I,07/05/2021,7 %
PISCO SUR,2021 - I,09/05/2021,32 %
PISCO SUR,2021 - I,10/05/2021,69 %
PISCO SUR,2021 - I,12/05/2021,65 %
PISCO SUR,2021 - I,13/05/2021,72 %
PISCO SUR,2021 - I,14/05/2021,49 %
PISCO SUR,2021 - I,16/05/2021,38 %
PISCO SUR,2021 - I,27/05/2021,100 %
PISCO SUR,2021 - I,05/06/2021,96 %
PISCO SUR,2021 - I,06/06/2021,50 %
PISCO SUR,2021 - I,07/06/2021,53 %
PISCO SUR,2021 - I,08/06/2021,36 %
PISCO SUR,2021 - I,09/06/2021,61 %
PISCO SUR,2021 - I,14/06/2021,93 %
PISCO SUR,2021 - II,15/11/2021,38 %
PISCO SUR,2021 - II,16/11/2021,56 %
PISCO SUR,2021 - II,17/11/2021,46 %
PISCO SUR,2021 - II,18/11/2021,43 %
PISCO SUR,2021 - II,19/11/2021,72 %
PISCO SUR,2021 - II,20/11/2021,18 %
PISCO SUR,2021 - II,21/11/2021,17 %
PISCO SUR,2021 - II,29/11/2021,53 %
PISCO SUR,2021 - II,30/11/2021,63 %
PISCO SUR,2021 - II,06/12/2021,69 %
PISCO SUR,2021 - II,07/12/2021,95 %
PISCO SUR,2021 - II,08/12/2021,29 %
PISCO SUR,2021 - II,09/12/2021,9 %
PISCO SUR,2021 - II,10/12/2021,78 %
PISCO SUR,2021 - II,11/12/2021,11 %
PISCO SUR,2021 - II,12/12/2021,5 %
PISCO SUR,2021 - II,13/12/2021,71 %
PISCO SUR,2021 - II,14/12/2021,96 %
PISCO SUR,2021 - II,15/12/2021,92 %
PISCO SUR,2021 - II,16/12/2021,44 %
PISCO SUR,2021 - II,17/12/2021,77 %
PISCO SUR,2021 - II,18/12/2021,48 %
PISCO SUR,2021 - II,19/12/2021,52 %
PISCO SUR,2021 - II,20/12/2021,13 %
PISCO SUR,2021 - II,21/12/2021,51 %
PISCO SUR,2021 - II,22/12/2021,75 %
PISCO SUR,2021 - II,23/12/2021,32 %
PISCO SUR,2021 - II,25/12/2021,33 %
PISCO SUR,2021 - II,26/12/2021,0 %
PISCO SUR,2021 - II,27/12/2021,8 %
PISCO SUR,2022 - I,04/05/2022,100 %
PISCO SUR,2022 - I,05/05/2022,33 %
PISCO SUR,2022 - I,06/05/2022,62 %
PISCO SUR,2022 - I,07/05/2022,17 %
PISCO SUR,2022 - I,08/05/2022,0 %
PISCO SUR,2022 - I,10/05/2022,67 %
PISCO SUR,2022 - I,11/05/2022,4 %
PISCO SUR,2022 - I,12/05/2022,10 %
PISCO SUR,2022 - I,13/05/2022,23 %
PISCO SUR,2022 - I,14/05/2022,0 %
PISCO SUR,2022 - I,15/05/2022,0 %
PISCO SUR,2022 - I,16/05/2022,28 %
PISCO SUR,2022 - I,17/05/2022,6 %
PISCO SUR,2022 - I,18/05/2022,0 %
PISCO SUR,2022 - I,19/05/2022,0 %
PISCO SUR,2022 - I,20/05/2022,0 %
PISCO SUR,2022 - I,21/05/2022,0 %
PISCO SUR,2022 - I,22/05/2022,0 %
PISCO SUR,2022 - I,23/05/2022,10 %
PISCO SUR,2022 - I,24/05/2022,24 %
PISCO SUR,2022 - I,25/05/2022,2 %
PISCO SUR,2022 - I,26/05/2022,0 %
PISCO SUR,2022 - I,27/05/2022,0 %
PISCO SUR,2022 - I,28/05/2022,0 %
PISCO SUR,2022 - I,29/05/2022,0 %
PISCO SUR,2022 - I,30/05/2022,0 %
PISCO SUR,2022 - I,31/05/2022,0 %
PISCO SUR,2022 - I,01/06/2022,9 %
PISCO SUR,2022 - I,02/06/2022,0 %
PISCO SUR,2022 - I,07/06/2022,12 %
PISCO SUR,2022 - I,08/06/2022,33 %
PISCO SUR,2022 - II,23/11/2022,78 %
PISCO SUR,2022 - II,25/11/2022,54 %
PISCO SUR,2022 - II,26/11/2022,41 %
PISCO SUR,2022 - II,27/11/2022,43 %
PISCO SUR,2022 - II,30/11/2022,21 %
PISCO SUR,2022 - II,07/12/2022,50 %
PISCO SUR,2022 - II,08/12/2022,51 %
PISCO SUR,2022 - II,09/12/2022,0 %
PISCO SUR,2022 - II,12/12/2022,74 %
PISCO SUR,2022 - II,15/12/2022,0 %
PISCO SUR,2022 - II,16/12/2022,23 %
PISCO SUR,2022 - II,17/12/2022,70 %
PISCO SUR,2022 - II,18/12/2022,43 %
PISCO SUR,2022 - II,19/12/2022,100 %
PISCO SUR,2022 - II,20/12/2022,69 %
PISCO SUR,2022 - II,02/01/2023,81 %
PISCO SUR,2022 - II,04/01/2023,100 %
PISCO SUR,2022 - II,05/01/2023,100 %
PISCO SUR,2022 - II,06/01/2023,29 %
PISCO SUR,2022 - II,07/01/2023,6 %
PISCO SUR,2022 - II,08/01/2023,0 %
PISCO SUR,2022 - II,09/01/2023,0 %
PISCO SUR,2022 - II,11/01/2023,29 %
PISCO SUR,2022 - II,12/01/2023,54 %
PISCO SUR,2022 - II,13/01/2023,17 %
PISCO SUR,2022 - II,14/01/2023,0 %
PISCO SUR,2022 - II,15/01/2023,0 %
PISCO SUR,2022 - II,16/01/2023,31 %
PISCO SUR,2023 - II,02/11/2023,25 %
PISCO SUR,2023 - II,04/11/2023,51 %
PISCO SUR,2023 - II,09/11/2023,10 %
PISCO SUR,2023 - II,16/11/2023,0 %
PISCO SUR,2023 - II,22/11/2023,21 %
PISCO SUR,2023 - II,28/11/2023,4 %
PISCO SUR,2023 - II,29/11/2023,0 %
PISCO SUR,2023 - II,30/11/2023,0 %
PISCO SUR,2023 - II,05/12/2023,40 %
PISCO SUR,2023 - II,11/12/2023,12 %
PISCO SUR,2023 - II,12/12/2023,24 %
PISCO SUR,2023 - II,16/12/2023,54 %
PISCO SUR,2023 - II,17/12/2023,28 %
PISCO SUR,2023 - II,18/12/2023,0 %
PISCO SUR,2023 - II,29/12/2023,37 %
PISCO SUR,2023 - II,30/12/2023,67 %
PISCO SUR,2023 - II,31/12/2023,65 %
PISCO SUR,2023 - II,04/01/2024,27 %
PISCO SUR,2023 - II,09/01/2024,0 %
PISCO SUR,2023 - II,10/01/2024,54 %
PISCO SUR,2023 - II,11/01/2024,66 %
PISCO SUR,2024 - I,18/04/2024,39 %
PISCO SUR,2024 - I,19/04/2024,0 %
PISCO SUR,2024 - I,20/04/2024,0 %
PISCO SUR,2024 - I,21/04/2024,29 %
PISCO SUR,2024 - I,22/04/2024,0 %
PISCO SUR,2024 - I,26/04/2024,11 %
PISCO SUR,2024 - I,27/04/2024,0 %
PISCO SUR,2024 - I,28/04/2024,27 %
PISCO SUR,2024 - I,29/04/2024,0 %
PISCO SUR,2024 - I,30/04/2024,0 %
PISCO SUR,2024 - I,01/05/2024,8 %
PISCO SUR,2024 - I,02/05/2024,14 %
PISCO SUR,2024 - I,03/05/2024,0 %
PISCO SUR,2024 - I,04/05/2024,0 %
PISCO SUR,2024 - I,07/05/2024,0 %
PISCO SUR,2024 - I,08/05/2024,0 %
PISCO SUR,2024 - I,09/05/2024,0 %
PISCO SUR,2024 - I,10/05/2024,16 %
PISCO SUR,2024 - I,11/05/2024,0 %
PISCO SUR,2024 - I,16/05/2024,0 %
PISCO SUR,2024 - I,17/05/2024,0 %
PISCO SUR,2024 - II,01/11/2024,100 %
PISCO SUR,2024 - II,02/11/2024,89 %
PISCO SUR,2024 - II,03/11/2024,83 %
PISCO SUR,2024 - II,04/11/2024,61 %
PISCO SUR,2024 - II,12/11/2024,74 %
PISCO SUR,2024 - II,13/11/2024,99 %
PISCO SUR,2024 - II,17/11/2024,40 %
PISCO SUR,2024 - II,20/11/2024,14 %
PISCO SUR,2024 - II,21/11/2024,21 %
PISCO SUR,2024 - II,22/11/2024,86 %
PISCO SUR,2024 - II,23/11/2024,74 %
PISCO SUR,2024 - II,24/11/2024,38 %
PISCO SUR,2024 - II,25/11/2024,96 %
PISCO SUR,2024 - II,27/11/2024,61 %
PISCO SUR,2024 - II,28/11/2024,51 %
PISCO SUR,2024 - II,29/11/2024,68 %
PISCO SUR,2024 - II,30/11/2024,63 %
PISCO SUR,2024 - II,01/12/2024,32 %
PISCO SUR,2024 - II,02/12/2024,24 %
PISCO SUR,2024 - II,03/12/2024,5 %
PISCO SUR,2024 - II,04/12/2024,51 %
PISCO SUR,2024 - II,05/12/2024,53 %
PISCO SUR,2024 - II,06/12/2024,8 %
PISCO SUR,2024 - II,13/12/2024,0 %
PISCO SUR,2024 - II,02/01/2025,67 %
PISCO SUR,2024 - II,03/01/2025,89 %
PISCO SUR,2024 - II,04/01/2025,65 %
PISCO SUR,2024 - II,19/01/2025,6 %
PISCO SUR,2024 - II,20/01/2025,0 %
PISCO SUR,2024 - II,21/01/2025,21 %
PISCO SUR,2024 - II,22/01/2025,0 %
Total,,,49 %
,,,
"Filtros aplicados: 
ZONA es CN
REPRO es (En blanco)
TEMPORADA no es (En blanco), 2019 - II, 2020 - I o 2020 - II",,,
