PLANTA,TEMPORADA,F. BATCH,%SP+P
MALABRIGO,2025 - I,,0 %
MALABRIGO,2025 - I,23/04/2025,0 %
MALABRIGO,2025 - I,24/04/2025,0 %
MALABRIGO,2025 - I,25/04/2025,7 %
MALABRIGO,2025 - I,26/04/2025,0 %
MALABRIGO,2025 - I,28/04/2025,0 %
MALABRIGO,2025 - I,29/04/2025,47 %
MALABRIGO,2025 - I,30/04/2025,44 %
MALABRIGO,2025 - I,01/05/2025,22 %
MALABRIGO,2025 - I,02/05/2025,0 %
MALABRIGO,2025 - I,03/05/2025,0 %
MALABRIGO,2025 - I,04/05/2025,0 %
MALABRIGO,2025 - I,05/05/2025,0 %
MALABRIGO,2025 - I,06/05/2025,55 %
MALABRIGO,2025 - I,07/05/2025,51 %
MALABRIGO,2025 - I,09/05/2025,27 %
MALABRIGO,2025 - I,11/05/2025,60 %
MALABRIGO,2025 - I,12/05/2025,21 %
MALABRIGO,2025 - I,17/05/2025,0 %
MALABRIGO,2025 - I,18/05/2025,11 %
MALABRIGO,2025 - I,04/07/2025,0 %
MALABRIGO,2025 - I,05/07/2025,0 %
MALABRIGO,2025 - I,06/07/2025,5 %
MALABRIGO,2025 - I,07/07/2025,0 %
MALABRIGO,2025 - I,08/07/2025,18 %
MALABRIGO,2025 - I,09/07/2025,37 %
MALABRIGO,2025 - I,10/07/2025,0 %
MALABRIGO,2025 - I,11/07/2025,32 %
MALABRIGO,2025 - I,12/07/2025,0 %
MALABRIGO,2025 - I,13/07/2025,18 %
MALABRIGO,2025 - I,14/07/2025,18 %
MALABRIGO,2025 - I,15/07/2025,14 %
MALABRIGO,2025 - I,16/07/2025,0 %
MALABRIGO,2025 - I,17/07/2025,0 %
MALABRIGO,2025 - I,18/07/2025,55 %
MALABRIGO,2025 - I,19/07/2025,47 %
MALABRIGO,2025 - I,20/07/2025,6 %
MALABRIGO,2025 - I,21/07/2025,0 %
MALABRIGO,2025 - I,22/07/2025,0 %
MALABRIGO,2025 - I,23/07/2025,5 %
MALABRIGO,2025 - II,07/11/2025,23 %
MALABRIGO,2025 - II,08/11/2025,10 %
MALABRIGO,2025 - II,10/11/2025,7 %
MALABRIGO,2025 - II,11/11/2025,0 %
MALABRIGO,2025 - II,13/11/2025,69 %
MALABRIGO,2025 - II,14/11/2025,56 %
MALABRIGO,2025 - II,15/11/2025,61 %
MALABRIGO,2025 - II,16/11/2025,17 %
MALABRIGO,2025 - II,17/11/2025,33 %
MALABRIGO,2025 - II,18/11/2025,15 %
MALABRIGO,2025 - II,19/11/2025,33 %
MALABRIGO,2025 - II,20/11/2025,56 %
MALABRIGO,2025 - II,21/11/2025,7 %
MALABRIGO,2025 - II,22/11/2025,0 %
MALABRIGO,2025 - II,23/11/2025,30 %
MALABRIGO,2025 - II,24/11/2025,7 %
MALABRIGO,2025 - II,25/11/2025,0 %
MALABRIGO,2025 - II,26/11/2025,17 %
MALABRIGO,2025 - II,27/11/2025,0 %
MALABRIGO,2025 - II,28/11/2025,0 %
MALABRIGO,2025 - II,29/11/2025,0 %
MALABRIGO,2025 - II,30/11/2025,5 %
MALABRIGO,2025 - II,01/12/2025,0 %
MALABRIGO,2025 - II,02/12/2025,0 %
MALABRIGO,2025 - II,04/12/2025,27 %
MALABRIGO,2025 - II,05/12/2025,50 %
MALABRIGO,2025 - II,10/12/2025,48 %
MALABRIGO,2025 - II,11/12/2025,56 %
MALABRIGO,2025 - II,12/12/2025,32 %
MALABRIGO,2025 - II,13/12/2025,67 %
MALABRIGO,2025 - II,14/12/2025,0 %
MALABRIGO,2025 - II,15/12/2025,0 %
MALABRIGO,2025 - II,27/12/2025,59 %
MALABRIGO,2025 - II,28/12/2025,93 %
MALABRIGO,2025 - II,29/12/2025,95 %
MALABRIGO,2025 - II,30/12/2025,76 %
MALABRIGO,2025 - II,31/12/2025,15 %
MALABRIGO,2025 - II,01/01/2026,0 %
MALABRIGO,2025 - II,02/01/2026,2 %
MALABRIGO,2025 - II,03/01/2026,3 %
MALABRIGO,2025 - II,04/01/2026,3 %
MALABRIGO,2025 - II,05/01/2026,43 %
MALABRIGO,2025 - II,06/01/2026,0 %
MALABRIGO,2025 - II,07/01/2026,0 %
MALABRIGO,2026 - I,09/04/2026,0 %
MALABRIGO,2026 - I,10/04/2026,67 %
MALABRIGO,2026 - I,11/04/2026,10 %
MALABRIGO,2026 - I,12/04/2026,17 %
MALABRIGO,2026 - I,13/04/2026,30 %
MALABRIGO,2026 - I,14/04/2026,9 %
MALABRIGO,2026 - I,17/04/2026,3 %
MALABRIGO,2026 - I,18/04/2026,2 %
MALABRIGO,2026 - I,19/04/2026,26 %
MALABRIGO,2026 - I,20/04/2026,7 %
MALABRIGO,2026 - I,21/04/2026,3 %
MALABRIGO,2026 - I,22/04/2026,0 %
MALABRIGO,2026 - I,24/04/2026,0 %
MALABRIGO,2026 - I,07/05/2026,0 %
MALABRIGO,2026 - I,08/05/2026,0 %
MALABRIGO,2026 - I,09/05/2026,0 %
CHIMBOTE,2025 - I,22/04/2025,43 %
CHIMBOTE,2025 - I,23/04/2025,5 %
CHIMBOTE,2025 - I,24/04/2025,0 %
CHIMBOTE,2025 - I,25/04/2025,55 %
CHIMBOTE,2025 - I,26/04/2025,6 %
CHIMBOTE,2025 - I,28/04/2025,47 %
CHIMBOTE,2025 - I,29/04/2025,5 %
CHIMBOTE,2025 - I,30/04/2025,28 %
CHIMBOTE,2025 - I,01/05/2025,6 %
CHIMBOTE,2025 - I,02/05/2025,8 %
CHIMBOTE,2025 - I,03/05/2025,14 %
CHIMBOTE,2025 - I,04/05/2025,14 %
CHIMBOTE,2025 - I,05/05/2025,17 %
CHIMBOTE,2025 - I,06/05/2025,20 %
CHIMBOTE,2025 - I,07/05/2025,15 %
CHIMBOTE,2025 - I,08/05/2025,35 %
CHIMBOTE,2025 - I,09/05/2025,25 %
CHIMBOTE,2025 - I,10/05/2025,0 %
CHIMBOTE,2025 - I,11/05/2025,21 %
CHIMBOTE,2025 - I,12/05/2025,18 %
CHIMBOTE,2025 - I,13/05/2025,19 %
CHIMBOTE,2025 - I,14/05/2025,10 %
CHIMBOTE,2025 - I,15/05/2025,54 %
CHIMBOTE,2025 - I,16/05/2025,53 %
CHIMBOTE,2025 - I,17/05/2025,0 %
CHIMBOTE,2025 - I,18/05/2025,0 %
CHIMBOTE,2025 - I,19/05/2025,39 %
CHIMBOTE,2025 - I,20/05/2025,39 %
CHIMBOTE,2025 - I,21/05/2025,47 %
CHIMBOTE,2025 - I,22/05/2025,34 %
CHIMBOTE,2025 - I,23/05/2025,0 %
CHIMBOTE,2025 - I,27/05/2025,14 %
CHIMBOTE,2025 - I,28/05/2025,0 %
CHIMBOTE,2025 - I,31/05/2025,0 %
CHIMBOTE,2025 - I,02/06/2025,0 %
CHIMBOTE,2025 - I,03/06/2025,0 %
CHIMBOTE,2025 - I,04/06/2025,0 %
CHIMBOTE,2025 - I,11/06/2025,4 %
CHIMBOTE,2025 - I,12/06/2025,0 %
CHIMBOTE,2025 - I,26/06/2025,0 %
CHIMBOTE,2025 - I,01/07/2025,42 %
CHIMBOTE,2025 - I,02/07/2025,0 %
CHIMBOTE,2025 - I,03/07/2025,0 %
CHIMBOTE,2025 - I,04/07/2025,0 %
CHIMBOTE,2025 - I,07/07/2025,0 %
CHIMBOTE,2025 - I,15/07/2025,0 %
CHIMBOTE,2025 - I,16/07/2025,0 %
CHIMBOTE,2025 - I,17/07/2025,0 %
CHIMBOTE,2025 - I,18/07/2025,0 %
CHIMBOTE,2025 - I,19/07/2025,0 %
CHIMBOTE,2025 - I,20/07/2025,0 %
CHIMBOTE,2025 - I,22/07/2025,24 %
CHIMBOTE,2025 - I,23/07/2025,0 %
CHIMBOTE,2025 - II,07/11/2025,4 %
CHIMBOTE,2025 - II,08/11/2025,18 %
CHIMBOTE,2025 - II,09/11/2025,24 %
CHIMBOTE,2025 - II,10/11/2025,1 %
CHIMBOTE,2025 - II,11/11/2025,0 %
CHIMBOTE,2025 - II,12/11/2025,6 %
CHIMBOTE,2025 - II,13/11/2025,0 %
CHIMBOTE,2025 - II,14/11/2025,0 %
CHIMBOTE,2025 - II,15/11/2025,0 %
CHIMBOTE,2025 - II,16/11/2025,7 %
CHIMBOTE,2025 - II,17/11/2025,2 %
CHIMBOTE,2025 - II,18/11/2025,4 %
CHIMBOTE,2025 - II,19/11/2025,0 %
CHIMBOTE,2025 - II,20/11/2025,14 %
CHIMBOTE,2025 - II,21/11/2025,27 %
CHIMBOTE,2025 - II,22/11/2025,39 %
CHIMBOTE,2025 - II,23/11/2025,24 %
CHIMBOTE,2025 - II,24/11/2025,12 %
CHIMBOTE,2025 - II,25/11/2025,2 %
CHIMBOTE,2025 - II,26/11/2025,16 %
CHIMBOTE,2025 - II,27/11/2025,4 %
CHIMBOTE,2025 - II,28/11/2025,74 %
CHIMBOTE,2025 - II,29/11/2025,53 %
CHIMBOTE,2025 - II,30/11/2025,33 %
CHIMBOTE,2025 - II,01/12/2025,87 %
CHIMBOTE,2025 - II,02/12/2025,70 %
CHIMBOTE,2025 - II,03/12/2025,59 %
CHIMBOTE,2025 - II,04/12/2025,64 %
CHIMBOTE,2025 - II,05/12/2025,42 %
CHIMBOTE,2025 - II,06/12/2025,22 %
CHIMBOTE,2025 - II,07/12/2025,37 %
CHIMBOTE,2025 - II,08/12/2025,44 %
CHIMBOTE,2025 - II,09/12/2025,53 %
CHIMBOTE,2025 - II,10/12/2025,38 %
CHIMBOTE,2025 - II,11/12/2025,47 %
CHIMBOTE,2025 - II,12/12/2025,11 %
CHIMBOTE,2025 - II,13/12/2025,64 %
CHIMBOTE,2025 - II,14/12/2025,4 %
CHIMBOTE,2025 - II,15/12/2025,74 %
CHIMBOTE,2025 - II,16/12/2025,71 %
CHIMBOTE,2025 - II,17/12/2025,61 %
CHIMBOTE,2025 - II,18/12/2025,61 %
CHIMBOTE,2025 - II,19/12/2025,53 %
CHIMBOTE,2025 - II,22/12/2025,17 %
CHIMBOTE,2025 - II,30/12/2025,60 %
CHIMBOTE,2025 - II,31/12/2025,48 %
CHIMBOTE,2025 - II,01/01/2026,74 %
CHIMBOTE,2025 - II,02/01/2026,8 %
CHIMBOTE,2025 - II,03/01/2026,12 %
CHIMBOTE,2025 - II,04/01/2026,0 %
CHIMBOTE,2025 - II,05/01/2026,31 %
CHIMBOTE,2025 - II,06/01/2026,13 %
CHIMBOTE,2025 - II,07/01/2026,4 %
CHIMBOTE,2025 - II,08/01/2026,34 %
CHIMBOTE,2025 - II,09/01/2026,36 %
CHIMBOTE,2025 - II,10/01/2026,27 %
CHIMBOTE,2025 - II,12/01/2026,30 %
CHIMBOTE,2026 - I,20/04/2026,8 %
SAMANCO,2025 - I,23/04/2025,42 %
SAMANCO,2025 - I,24/04/2025,1 %
SAMANCO,2025 - I,25/04/2025,0 %
SAMANCO,2025 - I,27/04/2025,73 %
SAMANCO,2025 - I,28/04/2025,0 %
SAMANCO,2025 - I,29/04/2025,28 %
SAMANCO,2025 - I,30/04/2025,0 %
SAMANCO,2025 - I,01/05/2025,40 %
SAMANCO,2025 - I,02/05/2025,41 %
SAMANCO,2025 - I,03/05/2025,33 %
SAMANCO,2025 - I,04/05/2025,0 %
SAMANCO,2025 - I,05/05/2025,4 %
SAMANCO,2025 - I,06/05/2025,0 %
SAMANCO,2025 - I,07/05/2025,0 %
SAMANCO,2025 - I,09/05/2025,28 %
SAMANCO,2025 - I,10/05/2025,17 %
SAMANCO,2025 - I,11/05/2025,58 %
SAMANCO,2025 - I,12/05/2025,16 %
SAMANCO,2025 - I,13/05/2025,0 %
SAMANCO,2025 - I,14/05/2025,30 %
SAMANCO,2025 - I,15/05/2025,0 %
SAMANCO,2025 - I,17/05/2025,31 %
SAMANCO,2025 - I,18/05/2025,0 %
SAMANCO,2025 - I,19/05/2025,28 %
SAMANCO,2025 - I,20/05/2025,59 %
SAMANCO,2025 - I,24/05/2025,48 %
SAMANCO,2025 - I,27/05/2025,29 %
SAMANCO,2025 - I,30/05/2025,21 %
SAMANCO,2025 - I,31/05/2025,0 %
SAMANCO,2025 - I,01/06/2025,0 %
SAMANCO,2025 - I,02/06/2025,0 %
SAMANCO,2025 - I,03/06/2025,0 %
SAMANCO,2025 - I,24/06/2025,0 %
SAMANCO,2025 - I,25/06/2025,0 %
SUPE,2025 - I,22/04/2025,21 %
SUPE,2025 - I,23/04/2025,31 %
SUPE,2025 - I,24/04/2025,49 %
SUPE,2025 - I,25/04/2025,0 %
SUPE,2025 - I,26/04/2025,0 %
SUPE,2025 - I,27/04/2025,71 %
SUPE,2025 - I,28/04/2025,0 %
SUPE,2025 - I,29/04/2025,12 %
SUPE,2025 - I,30/04/2025,35 %
SUPE,2025 - I,01/05/2025,0 %
SUPE,2025 - I,02/05/2025,23 %
SUPE,2025 - I,03/05/2025,0 %
SUPE,2025 - I,04/05/2025,0 %
SUPE,2025 - I,05/05/2025,9 %
SUPE,2025 - I,06/05/2025,43 %
SUPE,2025 - I,07/05/2025,32 %
SUPE,2025 - I,09/05/2025,29 %
SUPE,2025 - I,10/05/2025,33 %
SUPE,2025 - I,11/05/2025,62 %
SUPE,2025 - I,12/05/2025,48 %
SUPE,2025 - I,13/05/2025,37 %
SUPE,2025 - I,14/05/2025,38 %
SUPE,2025 - I,15/05/2025,1 %
SUPE,2025 - I,16/05/2025,70 %
SUPE,2025 - I,17/05/2025,47 %
SUPE,2025 - I,18/05/2025,47 %
SUPE,2025 - I,19/05/2025,27 %
SUPE,2025 - I,20/05/2025,0 %
SUPE,2025 - I,21/05/2025,16 %
SUPE,2025 - I,22/05/2025,93 %
SUPE,2025 - I,23/05/2025,15 %
SUPE,2025 - I,27/05/2025,0 %
SUPE,2025 - I,28/05/2025,0 %
SUPE,2025 - I,03/06/2025,0 %
SUPE,2025 - I,04/06/2025,0 %
SUPE,2025 - I,05/06/2025,13 %
SUPE,2025 - I,09/06/2025,0 %
SUPE,2025 - I,10/06/2025,0 %
SUPE,2025 - I,16/06/2025,0 %
SUPE,2025 - I,17/06/2025,92 %
SUPE,2025 - I,18/06/2025,89 %
SUPE,2025 - I,19/06/2025,69 %
SUPE,2025 - I,10/07/2025,0 %
SUPE,2025 - II,14/11/2025,100 %
SUPE,2026 - I,10/04/2026,100 %
SUPE,2026 - I,11/04/2026,100 %
SUPE,2026 - I,12/04/2026,29 %
SUPE,2026 - I,13/04/2026,0 %
SUPE,2026 - I,21/04/2026,2 %
SUPE,2026 - I,22/04/2026,37 %
SUPE,2026 - I,23/04/2026,8 %
SUPE,2026 - I,24/04/2026,0 %
VEGUETA,2025 - I,22/04/2025,2 %
VEGUETA,2025 - I,23/04/2025,0 %
VEGUETA,2025 - I,24/04/2025,0 %
VEGUETA,2025 - I,25/04/2025,21 %
VEGUETA,2025 - I,27/04/2025,13 %
VEGUETA,2025 - I,28/04/2025,0 %
VEGUETA,2025 - I,29/04/2025,13 %
VEGUETA,2025 - I,30/04/2025,23 %
VEGUETA,2025 - I,01/05/2025,0 %
VEGUETA,2025 - I,02/05/2025,53 %
VEGUETA,2025 - I,03/05/2025,6 %
VEGUETA,2025 - I,04/05/2025,0 %
VEGUETA,2025 - I,05/05/2025,0 %
VEGUETA,2025 - I,06/05/2025,16 %
VEGUETA,2025 - I,07/05/2025,0 %
VEGUETA,2025 - I,08/05/2025,0 %
VEGUETA,2025 - I,09/05/2025,5 %
VEGUETA,2025 - I,10/05/2025,59 %
VEGUETA,2025 - I,11/05/2025,41 %
VEGUETA,2025 - I,12/05/2025,37 %
VEGUETA,2025 - I,13/05/2025,0 %
VEGUETA,2025 - I,14/05/2025,36 %
VEGUETA,2025 - I,16/05/2025,58 %
VEGUETA,2025 - I,17/05/2025,9 %
VEGUETA,2025 - I,18/05/2025,10 %
VEGUETA,2025 - I,19/05/2025,34 %
VEGUETA,2025 - I,20/05/2025,32 %
VEGUETA,2025 - I,21/05/2025,53 %
VEGUETA,2025 - I,30/05/2025,10 %
VEGUETA,2025 - I,31/05/2025,0 %
VEGUETA,2025 - I,02/06/2025,37 %
VEGUETA,2025 - I,03/06/2025,46 %
VEGUETA,2025 - I,04/06/2025,32 %
VEGUETA,2025 - I,05/06/2025,11 %
VEGUETA,2025 - I,11/06/2025,0 %
VEGUETA,2025 - I,12/06/2025,0 %
VEGUETA,2025 - I,20/06/2025,0 %
VEGUETA,2025 - I,21/06/2025,0 %
VEGUETA,2025 - I,22/06/2025,0 %
VEGUETA,2025 - I,23/06/2025,0 %
VEGUETA,2025 - I,24/06/2025,0 %
VEGUETA,2025 - I,25/06/2025,0 %
VEGUETA,2025 - I,26/06/2025,0 %
VEGUETA,2025 - I,02/07/2025,0 %
VEGUETA,2025 - II,11/11/2025,0 %
VEGUETA,2025 - II,14/11/2025,0 %
VEGUETA,2025 - II,19/11/2025,0 %
VEGUETA,2025 - II,20/11/2025,2 %
VEGUETA,2025 - II,23/11/2025,91 %
VEGUETA,2025 - II,24/11/2025,22 %
VEGUETA,2025 - II,25/11/2025,14 %
VEGUETA,2025 - II,26/11/2025,39 %
VEGUETA,2025 - II,27/11/2025,0 %
VEGUETA,2025 - II,28/11/2025,17 %
VEGUETA,2025 - II,29/11/2025,26 %
VEGUETA,2025 - II,30/11/2025,10 %
VEGUETA,2025 - II,01/12/2025,37 %
VEGUETA,2025 - II,02/12/2025,100 %
VEGUETA,2025 - II,04/12/2025,54 %
VEGUETA,2025 - II,05/12/2025,28 %
VEGUETA,2025 - II,06/12/2025,16 %
VEGUETA,2025 - II,07/12/2025,42 %
VEGUETA,2025 - II,08/12/2025,44 %
VEGUETA,2025 - II,09/12/2025,0 %
VEGUETA,2025 - II,10/12/2025,87 %
VEGUETA,2025 - II,11/12/2025,31 %
VEGUETA,2025 - II,16/12/2025,100 %
VEGUETA,2025 - II,19/12/2025,30 %
VEGUETA,2025 - II,20/12/2025,70 %
VEGUETA,2025 - II,21/12/2025,100 %
VEGUETA,2025 - II,27/12/2025,100 %
VEGUETA,2025 - II,28/12/2025,81 %
VEGUETA,2025 - II,10/01/2026,56 %
VEGUETA,2026 - I,09/04/2026,3 %
VEGUETA,2026 - I,10/04/2026,30 %
VEGUETA,2026 - I,11/04/2026,38 %
VEGUETA,2026 - I,12/04/2026,83 %
VEGUETA,2026 - I,13/04/2026,0 %
VEGUETA,2026 - I,14/04/2026,24 %
VEGUETA,2026 - I,17/04/2026,0 %
VEGUETA,2026 - I,18/04/2026,0 %
VEGUETA,2026 - I,19/04/2026,0 %
VEGUETA,2026 - I,20/04/2026,20 %
VEGUETA,2026 - I,21/04/2026,15 %
VEGUETA,2026 - I,22/04/2026,32 %
VEGUETA,2026 - I,23/04/2026,0 %
VEGUETA,2026 - I,24/04/2026,19 %
VEGUETA,2026 - I,07/05/2026,0 %
CALLAO,2025 - I,22/04/2025,0 %
CALLAO,2025 - I,23/04/2025,6 %
CALLAO,2025 - I,24/04/2025,10 %
CALLAO,2025 - I,25/04/2025,0 %
CALLAO,2025 - I,26/04/2025,39 %
CALLAO,2025 - I,27/04/2025,63 %
CALLAO,2025 - I,28/04/2025,13 %
CALLAO,2025 - I,29/04/2025,20 %
CALLAO,2025 - I,30/04/2025,50 %
CALLAO,2025 - I,01/05/2025,19 %
CALLAO,2025 - I,02/05/2025,50 %
CALLAO,2025 - I,03/05/2025,32 %
CALLAO,2025 - I,04/05/2025,7 %
CALLAO,2025 - I,05/05/2025,18 %
CALLAO,2025 - I,06/05/2025,22 %
CALLAO,2025 - I,07/05/2025,0 %
CALLAO,2025 - I,08/05/2025,37 %
CALLAO,2025 - I,09/05/2025,20 %
CALLAO,2025 - I,10/05/2025,41 %
CALLAO,2025 - I,11/05/2025,63 %
CALLAO,2025 - I,12/05/2025,70 %
CALLAO,2025 - I,13/05/2025,20 %
CALLAO,2025 - I,14/05/2025,12 %
CALLAO,2025 - I,17/05/2025,50 %
CALLAO,2025 - I,18/05/2025,34 %
CALLAO,2025 - I,19/05/2025,47 %
CALLAO,2025 - I,20/05/2025,48 %
CALLAO,2025 - I,21/05/2025,4 %
CALLAO,2025 - I,26/05/2025,74 %
CALLAO,2025 - I,27/05/2025,14 %
CALLAO,2025 - I,30/05/2025,87 %
CALLAO,2025 - I,31/05/2025,10 %
CALLAO,2025 - I,01/06/2025,0 %
CALLAO,2025 - I,02/06/2025,54 %
CALLAO,2025 - I,03/06/2025,0 %
CALLAO,2025 - I,04/06/2025,47 %
CALLAO,2025 - I,05/06/2025,25 %
CALLAO,2025 - I,06/06/2025,0 %
CALLAO,2025 - I,07/06/2025,9 %
CALLAO,2025 - I,08/06/2025,14 %
CALLAO,2025 - I,09/06/2025,22 %
CALLAO,2025 - I,10/06/2025,0 %
CALLAO,2025 - I,11/06/2025,0 %
CALLAO,2025 - I,12/06/2025,0 %
CALLAO,2025 - I,15/06/2025,0 %
CALLAO,2025 - I,16/06/2025,0 %
CALLAO,2025 - I,17/06/2025,66 %
CALLAO,2025 - I,18/06/2025,0 %
CALLAO,2025 - I,19/06/2025,0 %
CALLAO,2025 - I,20/06/2025,0 %
CALLAO,2025 - I,21/06/2025,21 %
CALLAO,2025 - I,22/06/2025,5 %
CALLAO,2025 - I,23/06/2025,0 %
CALLAO,2025 - I,24/06/2025,36 %
CALLAO,2025 - I,25/06/2025,13 %
CALLAO,2025 - I,01/07/2025,12 %
CALLAO,2025 - I,02/07/2025,12 %
CALLAO,2025 - I,03/07/2025,23 %
CALLAO,2025 - I,04/07/2025,54 %
CALLAO,2025 - I,05/07/2025,8 %
CALLAO,2025 - I,06/07/2025,0 %
CALLAO,2025 - I,07/07/2025,0 %
CALLAO,2025 - I,08/07/2025,2 %
CALLAO,2025 - I,09/07/2025,0 %
CALLAO,2025 - I,10/07/2025,0 %
CALLAO,2025 - I,11/07/2025,0 %
CALLAO,2025 - I,12/07/2025,0 %
CALLAO,2025 - I,13/07/2025,0 %
CALLAO,2025 - I,14/07/2025,0 %
CALLAO,2025 - I,18/07/2025,0 %
CALLAO,2025 - I,19/07/2025,0 %
CALLAO,2025 - I,20/07/2025,0 %
CALLAO,2025 - I,21/07/2025,0 %
CALLAO,2025 - I,22/07/2025,0 %
CALLAO,2025 - I,23/07/2025,0 %
CALLAO,2025 - II,,0 %
CALLAO,2025 - II,07/11/2025,14 %
CALLAO,2025 - II,08/11/2025,11 %
CALLAO,2025 - II,09/11/2025,42 %
CALLAO,2025 - II,10/11/2025,0 %
CALLAO,2025 - II,12/11/2025,0 %
CALLAO,2025 - II,29/11/2025,43 %
CALLAO,2025 - II,30/11/2025,58 %
CALLAO,2025 - II,01/12/2025,12 %
CALLAO,2025 - II,02/12/2025,63 %
CALLAO,2025 - II,03/12/2025,82 %
CALLAO,2025 - II,04/12/2025,78 %
CALLAO,2025 - II,05/12/2025,76 %
CALLAO,2025 - II,06/12/2025,64 %
CALLAO,2025 - II,07/12/2025,86 %
CALLAO,2025 - II,08/12/2025,84 %
CALLAO,2025 - II,09/12/2025,72 %
CALLAO,2025 - II,10/12/2025,13 %
CALLAO,2025 - II,11/12/2025,85 %
CALLAO,2025 - II,12/12/2025,72 %
CALLAO,2025 - II,13/12/2025,13 %
CALLAO,2025 - II,14/12/2025,11 %
CALLAO,2025 - II,15/12/2025,4 %
CALLAO,2025 - II,16/12/2025,89 %
CALLAO,2025 - II,17/12/2025,41 %
CALLAO,2025 - II,18/12/2025,48 %
CALLAO,2025 - II,19/12/2025,0 %
CALLAO,2025 - II,20/12/2025,53 %
CALLAO,2025 - II,21/12/2025,48 %
CALLAO,2025 - II,22/12/2025,31 %
CALLAO,2025 - II,23/12/2025,0 %
CALLAO,2025 - II,27/12/2025,26 %
CALLAO,2025 - II,28/12/2025,0 %
CALLAO,2025 - II,29/12/2025,0 %
CALLAO,2025 - II,30/12/2025,0 %
CALLAO,2025 - II,31/12/2025,15 %
CALLAO,2025 - II,01/01/2026,0 %
CALLAO,2025 - II,05/01/2026,0 %
CALLAO,2026 - I,09/04/2026,7 %
CALLAO,2026 - I,10/04/2026,0 %
CALLAO,2026 - I,11/04/2026,18 %
CALLAO,2026 - I,12/04/2026,0 %
CALLAO,2026 - I,13/04/2026,0 %
CALLAO,2026 - I,14/04/2026,0 %
CALLAO,2026 - I,15/04/2026,0 %
CALLAO,2026 - I,16/04/2026,2 %
CALLAO,2026 - I,17/04/2026,5 %
CALLAO,2026 - I,18/04/2026,0 %
CALLAO,2026 - I,19/04/2026,0 %
CALLAO,2026 - I,20/04/2026,0 %
CALLAO,2026 - I,21/04/2026,3 %
CALLAO,2026 - I,22/04/2026,22 %
CALLAO,2026 - I,23/04/2026,0 %
CALLAO,2026 - I,25/04/2026,0 %
PISCO SUR,2025 - I,22/04/2025,38 %
PISCO SUR,2025 - I,23/04/2025,49 %
PISCO SUR,2025 - I,24/04/2025,69 %
PISCO SUR,2025 - I,25/04/2025,100 %
PISCO SUR,2025 - I,26/04/2025,34 %
PISCO SUR,2025 - I,27/04/2025,13 %
PISCO SUR,2025 - I,28/04/2025,47 %
PISCO SUR,2025 - I,29/04/2025,32 %
PISCO SUR,2025 - I,30/04/2025,19 %
PISCO SUR,2025 - I,01/05/2025,20 %
PISCO SUR,2025 - I,02/05/2025,4 %
PISCO SUR,2025 - I,03/05/2025,0 %
PISCO SUR,2025 - I,04/05/2025,0 %
PISCO SUR,2025 - I,05/05/2025,25 %
PISCO SUR,2025 - I,06/05/2025,12 %
PISCO SUR,2025 - I,07/05/2025,0 %
PISCO SUR,2025 - I,08/05/2025,26 %
PISCO SUR,2025 - I,09/05/2025,16 %
PISCO SUR,2025 - I,10/05/2025,57 %
PISCO SUR,2025 - I,11/05/2025,15 %
PISCO SUR,2025 - I,12/05/2025,10 %
PISCO SUR,2025 - I,13/05/2025,39 %
PISCO SUR,2025 - I,14/05/2025,20 %
PISCO SUR,2025 - I,15/05/2025,0 %
PISCO SUR,2025 - I,16/05/2025,0 %
PISCO SUR,2025 - I,17/05/2025,44 %
PISCO SUR,2025 - I,18/05/2025,0 %
PISCO SUR,2025 - I,19/05/2025,18 %
PISCO SUR,2025 - I,20/05/2025,70 %
PISCO SUR,2025 - I,21/05/2025,4 %
PISCO SUR,2025 - I,22/05/2025,11 %
PISCO SUR,2025 - I,23/05/2025,69 %
PISCO SUR,2025 - I,24/05/2025,9 %
PISCO SUR,2025 - I,25/05/2025,4 %
PISCO SUR,2025 - I,26/05/2025,71 %
PISCO SUR,2025 - I,27/05/2025,100 %
PISCO SUR,2025 - I,28/05/2025,100 %
PISCO SUR,2025 - I,30/05/2025,89 %
PISCO SUR,2025 - I,31/05/2025,79 %
PISCO SUR,2025 - I,01/06/2025,86 %
PISCO SUR,2025 - I,02/06/2025,57 %
PISCO SUR,2025 - I,03/06/2025,98 %
PISCO SUR,2025 - I,04/06/2025,67 %
PISCO SUR,2025 - I,05/06/2025,16 %
PISCO SUR,2025 - I,06/06/2025,53 %
PISCO SUR,2025 - I,07/06/2025,52 %
PISCO SUR,2025 - I,08/06/2025,50 %
PISCO SUR,2025 - I,09/06/2025,28 %
PISCO SUR,2025 - I,10/06/2025,75 %
PISCO SUR,2025 - I,11/06/2025,12 %
PISCO SUR,2025 - I,12/06/2025,18 %
PISCO SUR,2025 - I,13/06/2025,0 %
PISCO SUR,2025 - I,14/06/2025,34 %
PISCO SUR,2025 - I,16/06/2025,0 %
PISCO SUR,2025 - I,17/06/2025,78 %
PISCO SUR,2025 - I,18/06/2025,57 %
PISCO SUR,2025 - I,19/06/2025,71 %
PISCO SUR,2025 - I,20/06/2025,24 %
PISCO SUR,2025 - I,21/06/2025,0 %
PISCO SUR,2025 - I,22/06/2025,59 %
PISCO SUR,2025 - I,23/06/2025,49 %
PISCO SUR,2025 - I,24/06/2025,54 %
PISCO SUR,2025 - I,25/06/2025,3 %
PISCO SUR,2025 - I,26/06/2025,0 %
PISCO SUR,2025 - I,01/07/2025,18 %
PISCO SUR,2025 - I,02/07/2025,0 %
PISCO SUR,2025 - I,03/07/2025,10 %
PISCO SUR,2025 - I,04/07/2025,56 %
PISCO SUR,2025 - I,05/07/2025,47 %
PISCO SUR,2025 - I,06/07/2025,67 %
PISCO SUR,2025 - I,07/07/2025,57 %
PISCO SUR,2025 - I,08/07/2025,81 %
PISCO SUR,2025 - I,09/07/2025,0 %
PISCO SUR,2025 - I,10/07/2025,0 %
PISCO SUR,2025 - I,11/07/2025,0 %
PISCO SUR,2025 - II,07/11/2025,70 %
PISCO SUR,2025 - II,08/11/2025,0 %
PISCO SUR,2025 - II,09/11/2025,8 %
PISCO SUR,2025 - II,10/11/2025,0 %
PISCO SUR,2025 - II,11/11/2025,0 %
PISCO SUR,2025 - II,12/11/2025,0 %
PISCO SUR,2025 - II,13/11/2025,0 %
PISCO SUR,2025 - II,14/11/2025,0 %
PISCO SUR,2025 - II,03/12/2025,0 %
PISCO SUR,2025 - II,04/12/2025,0 %
PISCO SUR,2025 - II,07/12/2025,0 %
PISCO SUR,2025 - II,13/12/2025,0 %
PISCO SUR,2025 - II,14/12/2025,0 %
PISCO SUR,2025 - II,15/12/2025,37 %
PISCO SUR,2025 - II,16/12/2025,63 %
PISCO SUR,2025 - II,17/12/2025,14 %
PISCO SUR,2025 - II,18/12/2025,0 %
PISCO SUR,2025 - II,19/12/2025,0 %
PISCO SUR,2025 - II,20/12/2025,0 %
PISCO SUR,2025 - II,21/12/2025,0 %
PISCO SUR,2025 - II,22/12/2025,0 %
PISCO SUR,2025 - II,27/12/2025,0 %
PISCO SUR,2025 - II,28/12/2025,0 %
PISCO SUR,2025 - II,29/12/2025,0 %
PISCO SUR,2025 - II,30/12/2025,0 %
PISCO SUR,2026 - I,09/04/2026,8 %
PISCO SUR,2026 - I,10/04/2026,0 %
PISCO SUR,2026 - I,11/04/2026,0 %
PISCO SUR,2026 - I,12/04/2026,0 %
PISCO SUR,2026 - I,13/04/2026,0 %
PISCO SUR,2026 - I,14/04/2026,0 %
PISCO SUR,2026 - I,15/04/2026,0 %
PISCO SUR,2026 - I,16/04/2026,0 %
PISCO SUR,2026 - I,17/04/2026,0 %
PISCO SUR,2026 - I,18/04/2026,0 %
PISCO SUR,2026 - I,19/04/2026,20 %
PISCO SUR,2026 - I,22/04/2026,54 %
PISCO SUR,2026 - I,23/04/2026,0 %
PISCO SUR,2026 - I,24/04/2026,60 %
