PLANTA,TEMPORADA,Fecha_Batch,DESCARG,TDC_POND,JUVX2,Munida_pond
Malabrigo,2025 - I,23/04/25,279,9.7,57.8 %,6.3
Malabrigo,2025 - I,24/04/25,"1,149",10.1,69.4 %,5.4
Malabrigo,2025 - I,25/04/25,858,13.4,25.6 %,11.3
Malabrigo,2025 - I,26/04/25,215,7.8,74.1 %,3.2
Malabrigo,2025 - I,28/04/25,60,4.7,67.9 %,6.3
Malabrigo,2025 - I,29/04/25,"2,836",16.2,26.7 %,0.4
Malabrigo,2025 - I,30/04/25,"2,410",9.0,68.5 %,3.6
Malabrigo,2025 - I,1/05/25,"1,459",9.7,51.3 %,0.9
Malabrigo,2025 - I,2/05/25,926,10.6,58.5 %,2.3
Malabrigo,2025 - I,3/05/25,"1,377",13.5,39.1 %,1.8
Malabrigo,2025 - I,4/05/25,"3,255",19.7,21.7 %,1.7
Malabrigo,2025 - I,5/05/25,395,6.4,48.5 %,1.8
Malabrigo,2025 - I,6/05/25,"1,540",14.5,42.4 %,2.3
Malabrigo,2025 - I,7/05/25,"1,333",12.0,39.1 %,1.5
Malabrigo,2025 - I,9/05/25,"2,733",17.9,16.9 %,0.0
Malabrigo,2025 - I,11/05/25,"2,162",26.0,29.5 %,0.0
Malabrigo,2025 - I,12/05/25,"2,835",20.4,39.5 %,0.6
Malabrigo,2025 - I,17/05/25,781,17.0,42.6 %,9.1
Malabrigo,2025 - I,18/05/25,"1,377",23.0,6.5 %,26.7
Malabrigo,2025 - I,4/07/25,961,20.1,71.6 %,0.3
Malabrigo,2025 - I,5/07/25,"1,587",19.1,65.6 %,0.3
Malabrigo,2025 - I,6/07/25,869,22.6,69.8 %,0.0
Malabrigo,2025 - I,7/07/25,510,19.8,64.2 %,0.1
Malabrigo,2025 - I,8/07/25,892,22.5,43.1 %,2.9
Malabrigo,2025 - I,9/07/25,"1,041",18.2,70.5 %,3.1
Malabrigo,2025 - I,10/07/25,803,24.9,79.3 %,0.3
Malabrigo,2025 - I,11/07/25,639,14.6,10.5 %,0.0
Malabrigo,2025 - I,12/07/25,382,31.8,27.3 %,0.2
Malabrigo,2025 - I,13/07/25,973,25.0,67.2 %,0.9
Malabrigo,2025 - I,14/07/25,545,19.1,87.6 %,1.9
Malabrigo,2025 - I,15/07/25,930,26.6,63.7 %,0.0
Malabrigo,2025 - I,16/07/25,140,22.8,84.8 %,2.1
Malabrigo,2025 - I,17/07/25,573,14.8,80.8 %,7.9
Malabrigo,2025 - I,18/07/25,211,19.4,91.5 %,4.4
Malabrigo,2025 - I,19/07/25,"1,465",19.6,55.8 %,0.4
Malabrigo,2025 - I,20/07/25,"3,604",27.2,71.4 %,3.1
Malabrigo,2025 - I,21/07/25,"2,606",24.7,70.1 %,3.7
Malabrigo,2025 - I,22/07/25,"2,616",26.5,75.9 %,3.2
Malabrigo,2025 - I,23/07/25,"4,258",29.2,79.5 %,2.8
Malabrigo,2025 - II,,0,NaN,,NaN
Malabrigo,2025 - II,7/11/25,"2,235",12.3,29.1 %,0.1
Malabrigo,2025 - II,8/11/25,"5,407",20.0,28.4 %,0.0
Malabrigo,2025 - II,10/11/25,"2,968",13.1,31.0 %,0.0
Malabrigo,2025 - II,11/11/25,"3,576",19.4,33.7 %,0.0
Malabrigo,2025 - II,13/11/25,"2,525",12.5,36.5 %,0.0
Malabrigo,2025 - II,14/11/25,"3,294",14.9,41.6 %,0.0
Malabrigo,2025 - II,15/11/25,"2,803",12.7,48.2 %,0.0
Malabrigo,2025 - II,16/11/25,"3,262",18.2,63.5 %,0.0
Malabrigo,2025 - II,17/11/25,"2,904",27.7,69.6 %,0.0
Malabrigo,2025 - II,18/11/25,"2,371",13.1,22.9 %,0.0
Malabrigo,2025 - II,19/11/25,"3,832",17.1,9.1 %,0.0
Malabrigo,2025 - II,20/11/25,"3,358",13.8,10.7 %,1.2
Malabrigo,2025 - II,21/11/25,"2,811",20.9,10.1 %,0.4
Malabrigo,2025 - II,22/11/25,"2,502",20.2,28.8 %,0.0
Malabrigo,2025 - II,23/11/25,"3,429",19.1,40.4 %,0.0
Malabrigo,2025 - II,24/11/25,"3,512",25.1,69.7 %,0.0
Malabrigo,2025 - II,25/11/25,"1,355",33.9,59.5 %,0.0
Malabrigo,2025 - II,26/11/25,"1,034",12.0,8.1 %,1.3
Malabrigo,2025 - II,27/11/25,664,12.4,9.1 %,14.8
Malabrigo,2025 - II,28/11/25,"2,232",13.7,56.9 %,3.5
Malabrigo,2025 - II,29/11/25,73,4.9,48.0 %,0.0
Malabrigo,2025 - II,30/11/25,51,7.3,5.7 %,0.0
Malabrigo,2025 - II,1/12/25,34,5.7,5.1 %,0.0
Malabrigo,2025 - II,2/12/25,99,7.1,0.6 %,0.0
Malabrigo,2025 - II,4/12/25,686,30.4,0.0 %,0.0
Malabrigo,2025 - II,5/12/25,262,7.7,13.5 %,0.0
Malabrigo,2025 - II,10/12/25,"3,707",12.4,11.4 %,0.1
Malabrigo,2025 - II,11/12/25,"4,224",13.5,15.9 %,0.4
Malabrigo,2025 - II,12/12/25,"2,925",18.1,26.5 %,2.6
Malabrigo,2025 - II,13/12/25,"3,250",20.4,11.0 %,5.7
Malabrigo,2025 - II,14/12/25,274,11.3,31.3 %,36.0
Malabrigo,2025 - II,15/12/25,93,8.6,30.7 %,3.1
Malabrigo,2025 - II,27/12/25,"1,746",10.9,5.3 %,0.0
Malabrigo,2025 - II,28/12/25,"2,077",12.5,3.2 %,2.3
Malabrigo,2025 - II,29/12/25,"2,235",12.1,2.3 %,3.9
Malabrigo,2025 - II,30/12/25,"3,108",13.5,8.0 %,0.2
Malabrigo,2025 - II,31/12/25,"3,773",16.6,32.6 %,0.0
Malabrigo,2025 - II,1/01/26,"2,912",15.3,24.9 %,0.4
Malabrigo,2025 - II,2/01/26,"3,661",15.5,14.6 %,3.2
Malabrigo,2025 - II,3/01/26,"2,935",19.8,17.9 %,1.6
Malabrigo,2025 - II,4/01/26,"1,732",23.4,11.4 %,1.7
Malabrigo,2025 - II,5/01/26,"1,777",12.7,13.2 %,9.9
Malabrigo,2025 - II,6/01/26,509,12.7,10.8 %,3.1
Malabrigo,2025 - II,7/01/26,600,11.1,11.0 %,3.0
Malabrigo,2026 - I,9/04/26,148,6.9,89.1 %,0.3
Malabrigo,2026 - I,10/04/26,815,5.1,72.2 %,0.3
Malabrigo,2026 - I,11/04/26,806,6.4,58.2 %,0.3
Malabrigo,2026 - I,12/04/26,"1,705",7.8,72.7 %,0.4
Malabrigo,2026 - I,13/04/26,"1,453",8.6,81.0 %,2.3
Malabrigo,2026 - I,14/04/26,643,8.2,35.7 %,0.3
Malabrigo,2026 - I,17/04/26,"2,024",11.6,82.3 %,5.0
Malabrigo,2026 - I,18/04/26,"2,193",11.4,82.9 %,13.6
Malabrigo,2026 - I,19/04/26,"3,974",14.4,71.5 %,0.8
Malabrigo,2026 - I,20/04/26,"1,344",8.1,48.8 %,0.3
Malabrigo,2026 - I,21/04/26,"2,151",10.4,50.2 %,0.0
Malabrigo,2026 - I,22/04/26,22,10.2,87.5 %,0.0
Malabrigo,2026 - I,24/04/26,85,16.1,88.5 %,0.0
Malabrigo,2026 - I,7/05/26,443,7.2,75.6 %,0.1
Malabrigo,2026 - I,8/05/26,380,9.9,78.8 %,0.1
Malabrigo,2026 - I,9/05/26,90,4.7,96.3 %,4.1
Chimbote,2025 - I,22/04/25,"2,475",13.7,14.0 %,0.1
Chimbote,2025 - I,23/04/25,"3,946",16.9,67.9 %,7.4
Chimbote,2025 - I,24/04/25,"3,298",13.3,34.1 %,19.2
Chimbote,2025 - I,25/04/25,"3,894",10.1,21.8 %,3.3
Chimbote,2025 - I,26/04/25,"3,144",11.8,27.2 %,54.2
Chimbote,2025 - I,28/04/25,"2,767",9.4,17.8 %,1.8
Chimbote,2025 - I,29/04/25,"4,154",10.4,51.2 %,1.2
Chimbote,2025 - I,30/04/25,"3,405",13.7,51.9 %,5.1
Chimbote,2025 - I,1/05/25,"3,587",16.5,68.1 %,0.8
Chimbote,2025 - I,2/05/25,"3,950",14.4,46.4 %,3.8
Chimbote,2025 - I,3/05/25,"2,942",9.7,58.9 %,2.3
Chimbote,2025 - I,4/05/25,"4,440",13.1,54.2 %,0.8
Chimbote,2025 - I,5/05/25,"4,315",19.8,39.9 %,0.6
Chimbote,2025 - I,6/05/25,"2,041",13.6,27.4 %,0.0
Chimbote,2025 - I,7/05/25,"4,827",16.5,13.9 %,0.0
Chimbote,2025 - I,8/05/25,"2,783",13.9,23.8 %,0.0
Chimbote,2025 - I,9/05/25,"5,000",16.1,11.1 %,0.0
Chimbote,2025 - I,10/05/25,"3,342",13.8,25.4 %,1.8
Chimbote,2025 - I,11/05/25,"3,473",10.4,24.1 %,1.9
Chimbote,2025 - I,12/05/25,"3,924",16.8,25.5 %,0.4
Chimbote,2025 - I,13/05/25,"2,479",13.3,29.9 %,0.5
Chimbote,2025 - I,14/05/25,"4,797",17.9,25.0 %,0.1
Chimbote,2025 - I,15/05/25,"2,336",16.4,15.7 %,0.0
Chimbote,2025 - I,16/05/25,"2,307",19.3,11.9 %,0.1
Chimbote,2025 - I,17/05/25,"3,811",9.6,25.2 %,9.5
Chimbote,2025 - I,18/05/25,"3,593",14.0,28.5 %,17.8
Chimbote,2025 - I,19/05/25,"1,763",12.0,7.3 %,4.9
Chimbote,2025 - I,20/05/25,"3,022",14.0,9.4 %,1.4
Chimbote,2025 - I,21/05/25,"1,399",16.7,32.2 %,1.5
Chimbote,2025 - I,22/05/25,605,15.5,11.2 %,0.2
Chimbote,2025 - I,23/05/25,"1,431",8.2,40.9 %,4.1
Chimbote,2025 - I,27/05/25,"2,840",10.7,27.3 %,5.9
Chimbote,2025 - I,28/05/25,"1,193",7.8,54.1 %,13.2
Chimbote,2025 - I,31/05/25,"3,287",9.9,60.5 %,15.3
Chimbote,2025 - I,2/06/25,546,9.4,57.0 %,15.8
Chimbote,2025 - I,3/06/25,"3,040",10.6,62.8 %,9.5
Chimbote,2025 - I,4/06/25,"2,369",9.9,60.5 %,14.7
Chimbote,2025 - I,11/06/25,926,7.4,63.4 %,0.5
Chimbote,2025 - I,12/06/25,109,6.6,83.3 %,10.4
Chimbote,2025 - I,26/06/25,813,12.8,69.1 %,1.2
Chimbote,2025 - I,1/07/25,"2,009",12.5,66.2 %,5.4
Chimbote,2025 - I,2/07/25,"1,423",16.5,63.3 %,10.5
Chimbote,2025 - I,3/07/25,469,9.4,52.0 %,9.4
Chimbote,2025 - I,4/07/25,156,9.9,53.2 %,0.7
Chimbote,2025 - I,7/07/25,87,9.3,87.1 %,3.6
Chimbote,2025 - I,15/07/25,"1,278",15.2,85.5 %,9.3
Chimbote,2025 - I,16/07/25,"1,277",13.0,87.9 %,17.8
Chimbote,2025 - I,17/07/25,165,22.6,84.9 %,6.7
Chimbote,2025 - I,18/07/25,268,9.8,77.7 %,5.0
Chimbote,2025 - I,19/07/25,197,17.8,70.5 %,2.9
Chimbote,2025 - I,20/07/25,"1,522",30.2,59.4 %,2.7
Chimbote,2025 - I,22/07/25,780,13.0,78.2 %,2.6
Chimbote,2025 - I,23/07/25,688,14.6,82.2 %,0.8
Chimbote,2025 - II,7/11/25,505,14.1,14.4 %,1.9
Chimbote,2025 - II,8/11/25,"2,633",15.8,11.6 %,0.3
Chimbote,2025 - II,9/11/25,"1,469",14.0,12.0 %,0.0
Chimbote,2025 - II,10/11/25,"2,204",18.8,10.4 %,0.0
Chimbote,2025 - II,11/11/25,"2,175",18.0,12.3 %,1.4
Chimbote,2025 - II,12/11/25,"3,271",16.1,14.0 %,0.1
Chimbote,2025 - II,13/11/25,"2,527",14.3,9.3 %,0.0
Chimbote,2025 - II,14/11/25,"4,779",17.0,5.1 %,0.2
Chimbote,2025 - II,15/11/25,"2,480",12.5,8.2 %,2.1
Chimbote,2025 - II,16/11/25,"3,137",11.4,3.5 %,0.6
Chimbote,2025 - II,17/11/25,"3,660",10.0,6.8 %,0.5
Chimbote,2025 - II,18/11/25,"4,547",19.5,18.2 %,0.2
Chimbote,2025 - II,19/11/25,"3,554",17.9,3.4 %,0.0
Chimbote,2025 - II,20/11/25,"4,230",22.1,3.4 %,0.9
Chimbote,2025 - II,21/11/25,852,13.1,3.2 %,0.3
Chimbote,2025 - II,22/11/25,"3,070",15.4,8.3 %,0.1
Chimbote,2025 - II,23/11/25,"2,983",14.3,14.4 %,3.3
Chimbote,2025 - II,24/11/25,"3,676",11.9,2.4 %,6.0
Chimbote,2025 - II,25/11/25,"1,807",15.1,20.0 %,1.6
Chimbote,2025 - II,26/11/25,"2,657",13.1,3.7 %,3.5
Chimbote,2025 - II,27/11/25,"1,823",16.1,3.1 %,5.1
Chimbote,2025 - II,28/11/25,930,9.8,2.5 %,1.6
Chimbote,2025 - II,29/11/25,603,7.4,3.6 %,5.5
Chimbote,2025 - II,30/11/25,683,11.0,2.4 %,0.0
Chimbote,2025 - II,1/12/25,"2,243",16.1,2.0 %,0.0
Chimbote,2025 - II,2/12/25,"3,828",15.3,0.7 %,0.4
Chimbote,2025 - II,3/12/25,"3,722",16.8,1.4 %,1.3
Chimbote,2025 - II,4/12/25,"4,950",17.2,1.4 %,0.0
Chimbote,2025 - II,5/12/25,"3,247",14.4,0.9 %,0.0
Chimbote,2025 - II,6/12/25,"4,488",17.8,4.1 %,0.0
Chimbote,2025 - II,7/12/25,"2,293",17.0,3.2 %,0.0
Chimbote,2025 - II,8/12/25,"2,549",14.7,7.9 %,0.0
Chimbote,2025 - II,9/12/25,"1,761",22.7,4.7 %,2.3
Chimbote,2025 - II,10/12/25,398,11.8,8.9 %,0.0
Chimbote,2025 - II,11/12/25,"1,406",18.4,0.9 %,0.9
Chimbote,2025 - II,12/12/25,463,11.7,0.5 %,0.1
Chimbote,2025 - II,13/12/25,975,17.5,6.6 %,4.8
Chimbote,2025 - II,14/12/25,"1,161",14.0,5.6 %,22.4
Chimbote,2025 - II,15/12/25,"1,338",20.9,4.0 %,7.4
Chimbote,2025 - II,16/12/25,"1,488",15.9,0.3 %,0.0
Chimbote,2025 - II,17/12/25,"2,799",12.7,5.2 %,0.0
Chimbote,2025 - II,18/12/25,"3,518",21.2,3.2 %,0.3
Chimbote,2025 - II,19/12/25,"1,219",17.8,5.0 %,0.0
Chimbote,2025 - II,22/12/25,326,10.6,14.4 %,21.4
Chimbote,2025 - II,30/12/25,819,11.2,1.9 %,0.0
Chimbote,2025 - II,31/12/25,992,9.5,1.3 %,1.3
Chimbote,2025 - II,1/01/26,903,12.5,2.6 %,0.0
Chimbote,2025 - II,2/01/26,"1,957",19.9,34.1 %,0.0
Chimbote,2025 - II,3/01/26,"3,376",25.4,7.3 %,0.7
Chimbote,2025 - II,4/01/26,643,14.3,4.9 %,3.8
Chimbote,2025 - II,5/01/26,"1,345",12.6,8.8 %,2.4
Chimbote,2025 - II,6/01/26,"1,357",20.4,17.4 %,5.4
Chimbote,2025 - II,7/01/26,909,9.9,26.9 %,11.4
Chimbote,2025 - II,8/01/26,"2,390",14.7,7.7 %,7.2
Chimbote,2025 - II,9/01/26,"3,882",18.2,15.3 %,0.6
Chimbote,2025 - II,10/01/26,"1,879",11.2,6.7 %,0.2
Chimbote,2025 - II,12/01/26,289,21.2,1.9 %,3.5
Chimbote,2026 - I,9/04/26,111,2.5,87.6 %,0.0
Chimbote,2026 - I,10/04/26,259,15.7,9.5 %,1.1
Chimbote,2026 - I,11/04/26,244,14.5,80.6 %,5.4
Chimbote,2026 - I,14/04/26,279,8.0,65.9 %,0.0
Chimbote,2026 - I,15/04/26,381,6.3,93.2 %,0.0
Chimbote,2026 - I,17/04/26,217,16.4,79.7 %,0.2
Chimbote,2026 - I,20/04/26,260,12.7,44.7 %,0.1
Pacifico Centro,2025 - I,,"30,961",15.7,,0.0
Pacifico Centro,2025 - II,,"24,476",14.2,2.9 %,0.0
Samanco,2025 - I,23/04/25,902,11.2,13.2 %,1.1
Samanco,2025 - I,24/04/25,"1,041",14.8,73.0 %,1.0
Samanco,2025 - I,25/04/25,485,11.3,23.0 %,0.0
Samanco,2025 - I,27/04/25,329,8.1,38.7 %,0.2
Samanco,2025 - I,28/04/25,355,12.4,21.0 %,4.0
Samanco,2025 - I,29/04/25,"1,007",19.3,41.9 %,0.0
Samanco,2025 - I,30/04/25,526,10.3,79.5 %,3.3
Samanco,2025 - I,1/05/25,869,9.7,46.2 %,3.5
Samanco,2025 - I,2/05/25,"1,194",10.6,32.0 %,3.2
Samanco,2025 - I,3/05/25,607,14.6,48.5 %,14.4
Samanco,2025 - I,4/05/25,"1,187",13.3,61.9 %,2.1
Samanco,2025 - I,5/05/25,"1,055",20.1,49.6 %,1.4
Samanco,2025 - I,6/05/25,983,12.5,26.6 %,0.0
Samanco,2025 - I,7/05/25,"1,247",16.6,29.2 %,1.5
Samanco,2025 - I,9/05/25,"1,101",11.9,30.4 %,0.0
Samanco,2025 - I,10/05/25,"1,144",10.2,27.3 %,0.0
Samanco,2025 - I,11/05/25,"1,070",14.6,16.0 %,0.0
Samanco,2025 - I,12/05/25,909,12.7,23.3 %,2.8
Samanco,2025 - I,13/05/25,636,8.9,30.0 %,4.3
Samanco,2025 - I,14/05/25,"1,228",21.4,31.6 %,1.2
Samanco,2025 - I,15/05/25,214,7.3,10.6 %,0.0
Samanco,2025 - I,17/05/25,"1,157",15.1,29.3 %,0.6
Samanco,2025 - I,18/05/25,494,23.8,23.4 %,12.3
Samanco,2025 - I,19/05/25,812,12.5,21.6 %,2.1
Samanco,2025 - I,20/05/25,743,15.4,19.9 %,0.4
Samanco,2025 - I,24/05/25,328,37.3,63.4 %,0.4
Samanco,2025 - I,27/05/25,848,8.6,41.2 %,2.2
Samanco,2025 - I,30/05/25,500,10.1,48.0 %,6.1
Samanco,2025 - I,31/05/25,769,13.8,62.3 %,11.1
Samanco,2025 - I,1/06/25,766,11.1,58.6 %,4.4
Samanco,2025 - I,2/06/25,511,15.1,71.1 %,22.5
Samanco,2025 - I,3/06/25,"1,026",14.5,75.1 %,16.1
Samanco,2025 - I,24/06/25,469,13.8,63.2 %,3.4
Samanco,2025 - I,25/06/25,314,8.1,59.4 %,0.8
Supe,2025 - I,22/04/25,"1,814",14.2,37.1 %,0.2
Supe,2025 - I,23/04/25,"1,022",9.2,42.9 %,0.4
Supe,2025 - I,24/04/25,"1,526",13.6,34.0 %,5.1
Supe,2025 - I,25/04/25,"1,397",11.5,42.9 %,1.9
Supe,2025 - I,26/04/25,151,10.2,13.7 %,6.6
Supe,2025 - I,27/04/25,"1,120",17.5,25.5 %,2.4
Supe,2025 - I,28/04/25,844,13.8,48.9 %,5.3
Supe,2025 - I,29/04/25,"1,633",9.2,31.9 %,0.7
Supe,2025 - I,30/04/25,"1,690",12.0,52.3 %,0.0
Supe,2025 - I,1/05/25,"1,424",13.1,61.9 %,1.8
Supe,2025 - I,2/05/25,"1,697",13.8,14.7 %,5.8
Supe,2025 - I,3/05/25,730,17.9,59.4 %,14.5
Supe,2025 - I,4/05/25,"1,595",19.9,46.0 %,9.8
Supe,2025 - I,5/05/25,"1,281",12.2,19.7 %,0.0
Supe,2025 - I,6/05/25,"1,615",23.4,27.6 %,7.0
Supe,2025 - I,7/05/25,"1,040",17.1,21.0 %,0.0
Supe,2025 - I,9/05/25,"1,198",16.4,30.4 %,5.6
Supe,2025 - I,10/05/25,"1,753",17.5,24.2 %,3.4
Supe,2025 - I,11/05/25,"1,215",12.4,6.7 %,1.4
Supe,2025 - I,12/05/25,"1,217",12.1,15.3 %,7.4
Supe,2025 - I,13/05/25,"1,498",14.7,15.0 %,0.0
Supe,2025 - I,14/05/25,"1,797",14.1,28.0 %,1.2
Supe,2025 - I,15/05/25,"1,401",15.7,38.1 %,0.1
Supe,2025 - I,16/05/25,"1,034",11.1,34.7 %,0.0
Supe,2025 - I,17/05/25,"1,343",14.3,36.8 %,0.2
Supe,2025 - I,18/05/25,"1,489",11.8,17.3 %,0.3
Supe,2025 - I,19/05/25,"1,738",18.5,23.2 %,0.7
Supe,2025 - I,20/05/25,"1,412",15.5,24.1 %,0.6
Supe,2025 - I,21/05/25,593,15.2,25.4 %,0.0
Supe,2025 - I,22/05/25,727,21.0,33.2 %,0.0
Supe,2025 - I,23/05/25,"1,045",18.0,67.0 %,0.0
Supe,2025 - I,27/05/25,506,12.9,31.9 %,0.0
Supe,2025 - I,28/05/25,81,25.7,47.0 %,5.0
Supe,2025 - I,3/06/25,873,12.6,44.0 %,4.3
Supe,2025 - I,4/06/25,187,6.6,6.2 %,0.8
Supe,2025 - I,5/06/25,"1,506",22.4,21.2 %,0.0
Supe,2025 - I,9/06/25,277,6.7,24.2 %,6.3
Supe,2025 - I,10/06/25,380,10.2,50.5 %,19.9
Supe,2025 - I,16/06/25,12,7.9,1.6 %,0.0
Supe,2025 - I,17/06/25,310,11.7,22.0 %,8.2
Supe,2025 - I,18/06/25,172,6.8,25.3 %,17.9
Supe,2025 - I,19/06/25,447,10.7,13.2 %,6.0
Supe,2025 - I,10/07/25,349,9.4,53.2 %,6.4
Supe,2025 - II,14/11/25,204,17.8,74.7 %,0.0
Supe,2026 - I,10/04/26,710,10.4,36.1 %,0.0
Supe,2026 - I,11/04/26,477,12.3,49.7 %,2.3
Supe,2026 - I,12/04/26,942,9.6,38.0 %,0.0
Supe,2026 - I,13/04/26,177,7.4,53.0 %,0.0
Supe,2026 - I,21/04/26,892,19.1,49.8 %,6.9
Supe,2026 - I,22/04/26,"1,682",17.6,52.8 %,0.0
Supe,2026 - I,23/04/26,"1,471",16.1,68.5 %,2.7
Supe,2026 - I,24/04/26,694,26.1,62.5 %,0.6
Vegueta,2025 - I,22/04/25,"2,822",15.4,25.7 %,0.7
Vegueta,2025 - I,23/04/25,972,17.2,32.8 %,0.1
Vegueta,2025 - I,24/04/25,303,9.1,32.7 %,3.4
Vegueta,2025 - I,25/04/25,"1,775",16.0,12.6 %,5.5
Vegueta,2025 - I,27/04/25,"1,818",16.6,40.8 %,5.7
Vegueta,2025 - I,28/04/25,"1,304",14.9,29.8 %,10.8
Vegueta,2025 - I,29/04/25,"1,566",8.8,34.8 %,3.1
Vegueta,2025 - I,30/04/25,"2,621",14.4,45.4 %,0.9
Vegueta,2025 - I,1/05/25,"2,524",13.3,41.9 %,9.0
Vegueta,2025 - I,2/05/25,"3,129",14.2,27.3 %,7.3
Vegueta,2025 - I,3/05/25,"1,399",16.1,42.6 %,10.3
Vegueta,2025 - I,4/05/25,"2,598",12.3,62.7 %,13.8
Vegueta,2025 - I,5/05/25,"1,903",10.0,10.8 %,1.2
Vegueta,2025 - I,6/05/25,"1,483",13.5,23.3 %,5.8
Vegueta,2025 - I,7/05/25,"2,561",16.9,62.5 %,10.2
Vegueta,2025 - I,8/05/25,"2,268",13.4,43.0 %,3.4
Vegueta,2025 - I,9/05/25,"2,568",20.8,43.4 %,15.8
Vegueta,2025 - I,10/05/25,"2,644",11.7,9.6 %,0.1
Vegueta,2025 - I,11/05/25,"3,309",14.4,17.6 %,0.0
Vegueta,2025 - I,12/05/25,"2,314",12.0,15.1 %,1.1
Vegueta,2025 - I,13/05/25,"1,216",15.5,16.1 %,4.2
Vegueta,2025 - I,14/05/25,"2,074",13.6,19.0 %,1.0
Vegueta,2025 - I,16/05/25,"1,423",14.5,13.5 %,0.2
Vegueta,2025 - I,17/05/25,"2,902",15.1,23.8 %,6.2
Vegueta,2025 - I,18/05/25,"2,003",11.9,37.1 %,4.2
Vegueta,2025 - I,19/05/25,"2,772",16.6,31.8 %,0.8
Vegueta,2025 - I,20/05/25,"3,041",14.5,25.9 %,1.3
Vegueta,2025 - I,21/05/25,274,8.7,24.4 %,0.0
Vegueta,2025 - I,30/05/25,638,10.2,27.8 %,0.0
Vegueta,2025 - I,31/05/25,830,18.5,61.9 %,32.3
Vegueta,2025 - I,2/06/25,"1,293",14.4,41.3 %,0.6
Vegueta,2025 - I,3/06/25,"1,198",12.2,28.9 %,7.0
Vegueta,2025 - I,4/06/25,"1,299",28.4,31.3 %,1.3
Vegueta,2025 - I,5/06/25,"2,349",19.7,36.9 %,2.2
Vegueta,2025 - I,11/06/25,616,13.6,71.7 %,1.1
Vegueta,2025 - I,12/06/25,196,10.9,40.6 %,1.9
Vegueta,2025 - I,20/06/25,862,10.6,45.1 %,6.3
Vegueta,2025 - I,21/06/25,827,6.3,42.2 %,2.0
Vegueta,2025 - I,22/06/25,"1,334",9.1,55.3 %,4.5
Vegueta,2025 - I,23/06/25,260,5.8,63.6 %,1.8
Vegueta,2025 - I,24/06/25,261,5.4,42.2 %,3.1
Vegueta,2025 - I,25/06/25,385,12.3,25.3 %,13.0
Vegueta,2025 - I,26/06/25,79,5.2,51.4 %,6.0
Vegueta,2025 - I,2/07/25,118,14.4,90.9 %,1.0
Vegueta,2025 - II,,11,6.7,1.1 %,0.0
Vegueta,2025 - II,11/11/25,679,10.3,53.1 %,7.7
Vegueta,2025 - II,14/11/25,"1,264",19.8,5.1 %,0.0
Vegueta,2025 - II,19/11/25,"1,415",29.9,7.7 %,0.0
Vegueta,2025 - II,20/11/25,931,21.3,6.7 %,0.4
Vegueta,2025 - II,23/11/25,317,13.7,15.0 %,0.8
Vegueta,2025 - II,24/11/25,"2,619",15.7,10.2 %,1.2
Vegueta,2025 - II,25/11/25,273,11.9,4.1 %,1.2
Vegueta,2025 - II,26/11/25,918,14.1,7.1 %,0.0
Vegueta,2025 - II,27/11/25,293,12.6,6.4 %,0.5
Vegueta,2025 - II,28/11/25,274,14.9,2.5 %,0.2
Vegueta,2025 - II,29/11/25,"2,854",15.7,3.4 %,0.0
Vegueta,2025 - II,30/11/25,"2,743",12.4,2.6 %,0.0
Vegueta,2025 - II,1/12/25,"1,052",10.2,1.5 %,1.8
Vegueta,2025 - II,2/12/25,428,12.3,2.3 %,2.9
Vegueta,2025 - II,4/12/25,"1,521",17.7,4.1 %,1.8
Vegueta,2025 - II,5/12/25,"3,087",22.7,1.4 %,0.0
Vegueta,2025 - II,6/12/25,"2,722",24.7,3.9 %,0.1
Vegueta,2025 - II,7/12/25,"3,176",19.1,3.3 %,0.0
Vegueta,2025 - II,8/12/25,"1,835",16.0,2.3 %,0.7
Vegueta,2025 - II,9/12/25,150,7.2,1.7 %,0.6
Vegueta,2025 - II,10/12/25,"1,741",12.2,0.8 %,0.0
Vegueta,2025 - II,11/12/25,"1,760",13.3,2.3 %,1.4
Vegueta,2025 - II,16/12/25,936,27.3,0.8 %,0.0
Vegueta,2025 - II,19/12/25,"1,898",15.9,5.3 %,0.0
Vegueta,2025 - II,20/12/25,"2,479",13.8,3.7 %,0.1
Vegueta,2025 - II,21/12/25,133,24.6,2.5 %,0.0
Vegueta,2025 - II,27/12/25,868,7.3,3.2 %,5.3
Vegueta,2025 - II,28/12/25,385,27.3,46.4 %,3.8
Vegueta,2025 - II,10/01/26,"1,081",23.2,7.0 %,1.1
Vegueta,2026 - I,19/12/25,0,NaN,,NaN
Vegueta,2026 - I,9/04/26,"2,829",16.4,20.6 %,8.1
Vegueta,2026 - I,10/04/26,"2,336",13.5,20.9 %,3.1
Vegueta,2026 - I,11/04/26,"1,185",10.5,38.3 %,2.4
Vegueta,2026 - I,12/04/26,596,8.2,7.6 %,0.2
Vegueta,2026 - I,13/04/26,510,8.7,62.4 %,1.3
Vegueta,2026 - I,14/04/26,947,11.2,13.5 %,2.5
Vegueta,2026 - I,17/04/26,224,5.2,51.9 %,0.2
Vegueta,2026 - I,18/04/26,290,9.1,93.0 %,1.7
Vegueta,2026 - I,19/04/26,352,10.5,87.5 %,0.3
Vegueta,2026 - I,20/04/26,465,11.7,49.0 %,8.0
Vegueta,2026 - I,21/04/26,"1,030",14.1,49.7 %,7.7
Vegueta,2026 - I,22/04/26,"3,327",21.0,33.4 %,0.0
Vegueta,2026 - I,23/04/26,"2,977",21.1,38.6 %,9.7
Vegueta,2026 - I,24/04/26,"2,023",22.4,58.8 %,0.3
Vegueta,2026 - I,7/05/26,32,10.5,81.6 %,5.1
Callao,2025 - I,22/04/25,"3,809",14.3,31.8 %,7.4
Callao,2025 - I,23/04/25,"3,777",16.1,31.6 %,3.0
Callao,2025 - I,24/04/25,"3,737",16.1,22.4 %,3.5
Callao,2025 - I,25/04/25,"2,283",16.7,22.8 %,2.4
Callao,2025 - I,26/04/25,"1,400",18.7,37.0 %,4.6
Callao,2025 - I,27/04/25,"2,816",10.2,56.9 %,2.6
Callao,2025 - I,28/04/25,"3,504",17.2,40.9 %,12.5
Callao,2025 - I,29/04/25,140,29.9,31.4 %,2.9
Callao,2025 - I,30/04/25,"2,811",18.5,36.4 %,3.5
Callao,2025 - I,1/05/25,"4,319",10.9,42.3 %,5.2
Callao,2025 - I,2/05/25,"4,324",16.4,27.9 %,5.1
Callao,2025 - I,3/05/25,"2,246",12.1,26.5 %,3.0
Callao,2025 - I,4/05/25,"3,178",15.4,31.6 %,10.0
Callao,2025 - I,5/05/25,"2,981",19.0,46.3 %,2.6
Callao,2025 - I,6/05/25,"2,636",15.1,26.9 %,13.1
Callao,2025 - I,7/05/25,"4,036",11.8,60.6 %,11.8
Callao,2025 - I,8/05/25,"3,930",12.8,39.1 %,6.1
Callao,2025 - I,9/05/25,"2,362",9.5,34.9 %,19.6
Callao,2025 - I,10/05/25,"1,706",13.4,27.5 %,10.8
Callao,2025 - I,11/05/25,"4,099",14.8,33.6 %,1.7
Callao,2025 - I,12/05/25,"2,066",14.3,14.0 %,6.4
Callao,2025 - I,13/05/25,805,8.1,33.7 %,14.1
Callao,2025 - I,14/05/25,"1,639",12.7,42.4 %,9.9
Callao,2025 - I,17/05/25,"4,188",12.0,21.2 %,12.0
Callao,2025 - I,18/05/25,"3,895",10.6,38.0 %,10.6
Callao,2025 - I,19/05/25,"2,214",13.1,36.2 %,20.2
Callao,2025 - I,20/05/25,"2,935",15.7,34.0 %,14.9
Callao,2025 - I,21/05/25,"2,429",29.5,24.2 %,0.7
Callao,2025 - I,26/05/25,"1,120",21.9,13.0 %,5.4
Callao,2025 - I,27/05/25,"1,941",12.7,38.0 %,2.5
Callao,2025 - I,30/05/25,"4,482",19.5,25.0 %,1.4
Callao,2025 - I,31/05/25,"2,392",21.2,49.9 %,30.9
Callao,2025 - I,1/06/25,"1,168",15.7,27.5 %,3.4
Callao,2025 - I,2/06/25,"3,766",19.3,38.9 %,1.8
Callao,2025 - I,3/06/25,179,10.9,63.5 %,22.8
Callao,2025 - I,4/06/25,"5,515",23.0,40.4 %,2.4
Callao,2025 - I,5/06/25,"3,854",18.1,48.7 %,5.6
Callao,2025 - I,6/06/25,"2,027",14.8,46.0 %,1.2
Callao,2025 - I,7/06/25,376,17.7,24.2 %,4.3
Callao,2025 - I,8/06/25,"1,628",18.0,27.9 %,4.4
Callao,2025 - I,9/06/25,644,20.6,39.1 %,4.3
Callao,2025 - I,10/06/25,621,14.2,42.2 %,6.6
Callao,2025 - I,11/06/25,"2,653",18.8,73.1 %,40.8
Callao,2025 - I,12/06/25,680,13.3,65.9 %,23.5
Callao,2025 - I,15/06/25,441,26.1,60.9 %,9.9
Callao,2025 - I,16/06/25,561,13.2,67.2 %,19.1
Callao,2025 - I,17/06/25,"3,280",13.0,47.7 %,5.0
Callao,2025 - I,18/06/25,586,9.0,62.6 %,10.7
Callao,2025 - I,19/06/25,240,3.9,40.1 %,16.7
Callao,2025 - I,20/06/25,"1,791",14.5,59.7 %,10.8
Callao,2025 - I,21/06/25,851,30.3,60.9 %,5.6
Callao,2025 - I,22/06/25,283,7.6,46.5 %,20.5
Callao,2025 - I,23/06/25,152,5.0,62.3 %,7.2
Callao,2025 - I,24/06/25,461,9.2,56.4 %,7.3
Callao,2025 - I,25/06/25,387,8.5,65.7 %,12.3
Callao,2025 - I,1/07/25,499,8.9,70.6 %,14.9
Callao,2025 - I,2/07/25,"2,904",24.7,53.3 %,13.5
Callao,2025 - I,3/07/25,200,5.9,39.8 %,1.0
Callao,2025 - I,4/07/25,"1,883",19.1,53.7 %,2.5
Callao,2025 - I,5/07/25,532,11.5,74.4 %,7.5
Callao,2025 - I,6/07/25,452,8.2,70.8 %,3.0
Callao,2025 - I,7/07/25,239,9.4,77.6 %,2.3
Callao,2025 - I,8/07/25,988,18.2,49.4 %,0.4
Callao,2025 - I,9/07/25,380,8.2,44.2 %,2.0
Callao,2025 - I,10/07/25,943,14.6,74.7 %,12.3
Callao,2025 - I,11/07/25,"1,167",7.3,67.4 %,7.4
Callao,2025 - I,12/07/25,386,5.9,60.8 %,14.2
Callao,2025 - I,13/07/25,353,6.9,61.8 %,18.6
Callao,2025 - I,14/07/25,446,9.5,53.7 %,13.3
Callao,2025 - I,18/07/25,116,5.2,85.6 %,4.0
Callao,2025 - I,19/07/25,201,7.7,67.9 %,1.2
Callao,2025 - I,20/07/25,422,11.0,61.8 %,0.7
Callao,2025 - I,21/07/25,327,7.7,48.2 %,0.1
Callao,2025 - I,22/07/25,37,5.4,76.3 %,26.9
Callao,2025 - I,23/07/25,545,17.8,71.3 %,0.0
Callao,2025 - II,,227,37.6,,0.0
Callao,2025 - II,7/11/25,"1,098",16.1,43.6 %,0.5
Callao,2025 - II,8/11/25,"2,178",10.5,33.8 %,2.9
Callao,2025 - II,9/11/25,579,8.4,36.2 %,12.6
Callao,2025 - II,10/11/25,152,9.9,45.1 %,1.2
Callao,2025 - II,11/11/25,181,13.4,23.1 %,39.0
Callao,2025 - II,12/11/25,489,36.6,58.2 %,1.4
Callao,2025 - II,29/11/25,525,17.8,0.2 %,0.0
Callao,2025 - II,30/11/25,"2,534",22.6,0.0 %,0.0
Callao,2025 - II,1/12/25,"1,046",17.4,6.3 %,0.5
Callao,2025 - II,2/12/25,"1,888",12.4,14.4 %,2.1
Callao,2025 - II,3/12/25,762,12.7,26.1 %,5.0
Callao,2025 - II,4/12/25,"1,862",12.8,19.2 %,8.9
Callao,2025 - II,5/12/25,"1,720",10.8,28.1 %,10.5
Callao,2025 - II,6/12/25,"3,614",16.0,27.4 %,1.8
Callao,2025 - II,7/12/25,"1,880",20.4,11.9 %,6.1
Callao,2025 - II,8/12/25,"1,542",15.8,21.7 %,7.2
Callao,2025 - II,9/12/25,"1,110",9.8,18.9 %,4.2
Callao,2025 - II,10/12/25,369,20.1,8.5 %,6.4
Callao,2025 - II,11/12/25,"1,366",9.1,6.8 %,3.0
Callao,2025 - II,12/12/25,"2,039",10.4,12.8 %,5.1
Callao,2025 - II,13/12/25,"1,693",15.6,40.2 %,19.6
Callao,2025 - II,14/12/25,323,9.6,15.3 %,7.4
Callao,2025 - II,15/12/25,"1,786",16.4,35.1 %,0.9
Callao,2025 - II,16/12/25,"1,698",12.5,49.9 %,3.1
Callao,2025 - II,17/12/25,"1,380",10.6,11.8 %,22.9
Callao,2025 - II,18/12/25,539,6.7,12.4 %,25.1
Callao,2025 - II,19/12/25,887,18.6,54.9 %,11.6
Callao,2025 - II,20/12/25,"3,151",25.1,21.9 %,2.3
Callao,2025 - II,21/12/25,"1,263",15.5,16.0 %,4.5
Callao,2025 - II,22/12/25,"3,966",22.6,30.5 %,11.6
Callao,2025 - II,23/12/25,"1,860",28.9,24.8 %,16.2
Callao,2025 - II,27/12/25,751,9.2,23.1 %,12.1
Callao,2025 - II,28/12/25,694,14.0,29.5 %,17.0
Callao,2025 - II,29/12/25,651,21.2,70.5 %,24.5
Callao,2025 - II,30/12/25,66,10.7,36.0 %,27.3
Callao,2025 - II,31/12/25,250,14.4,15.0 %,0.0
Callao,2025 - II,1/01/26,35,24.8,5.4 %,5.1
Callao,2025 - II,5/01/26,51,44.3,3.7 %,0.0
Callao,2025 - II,9/01/26,5,7.6,74.3 %,20.0
Callao,2026 - I,9/04/26,"3,496",15.8,8.9 %,2.2
Callao,2026 - I,10/04/26,861,11.2,31.6 %,18.2
Callao,2026 - I,11/04/26,"3,889",18.0,51.4 %,5.8
Callao,2026 - I,12/04/26,"2,456",21.1,64.6 %,14.3
Callao,2026 - I,13/04/26,"1,098",16.2,54.0 %,19.7
Callao,2026 - I,14/04/26,"3,073",19.8,36.2 %,6.8
Callao,2026 - I,15/04/26,"2,575",18.0,47.8 %,4.1
Callao,2026 - I,16/04/26,"2,702",23.6,43.8 %,8.4
Callao,2026 - I,17/04/26,"3,546",19.2,37.9 %,4.8
Callao,2026 - I,18/04/26,"1,985",18.9,56.9 %,6.4
Callao,2026 - I,19/04/26,"3,080",19.3,64.4 %,4.2
Callao,2026 - I,20/04/26,"1,012",22.5,55.2 %,3.5
Callao,2026 - I,21/04/26,"2,519",11.0,30.7 %,1.7
Callao,2026 - I,22/04/26,"5,536",16.5,34.6 %,0.0
Callao,2026 - I,23/04/26,"3,835",20.8,30.5 %,16.1
Callao,2026 - I,25/04/26,104,12.6,50.8 %,0.0
Callao,2026 - I,7/05/26,56,14.2,77.6 %,32.7
Callao,2026 - I,8/05/26,98,14.7,25.2 %,8.4
P. Sur,2025 - I,22/04/25,389,7.8,46.5 %,3.7
P. Sur,2025 - I,23/04/25,"2,136",14.1,35.4 %,1.1
P. Sur,2025 - I,24/04/25,"1,725",14.3,38.6 %,2.4
P. Sur,2025 - I,25/04/25,"1,638",9.6,3.1 %,0.2
P. Sur,2025 - I,26/04/25,"1,643",16.6,21.7 %,9.4
P. Sur,2025 - I,27/04/25,"1,262",12.5,34.0 %,1.8
P. Sur,2025 - I,28/04/25,"1,946",15.2,49.8 %,7.7
P. Sur,2025 - I,29/04/25,"1,307",16.9,41.6 %,1.3
P. Sur,2025 - I,30/04/25,"2,998",16.7,37.5 %,7.4
P. Sur,2025 - I,1/05/25,"1,550",12.6,24.3 %,0.0
P. Sur,2025 - I,2/05/25,"2,120",19.9,29.9 %,15.1
P. Sur,2025 - I,3/05/25,"1,157",12.8,5.4 %,0.4
P. Sur,2025 - I,4/05/25,"2,008",14.0,51.6 %,12.3
P. Sur,2025 - I,5/05/25,"2,290",18.9,46.5 %,5.1
P. Sur,2025 - I,6/05/25,"1,911",14.3,57.2 %,1.7
P. Sur,2025 - I,7/05/25,"1,849",20.8,79.8 %,26.6
P. Sur,2025 - I,8/05/25,587,16.5,25.8 %,2.6
P. Sur,2025 - I,9/05/25,"1,687",12.7,57.1 %,13.3
P. Sur,2025 - I,10/05/25,"2,053",12.1,38.1 %,0.8
P. Sur,2025 - I,11/05/25,"1,088",9.7,45.9 %,11.7
P. Sur,2025 - I,12/05/25,"2,137",14.9,41.8 %,13.3
P. Sur,2025 - I,13/05/25,579,11.1,11.5 %,2.2
P. Sur,2025 - I,14/05/25,"1,088",12.4,41.6 %,0.4
P. Sur,2025 - I,15/05/25,397,16.1,19.7 %,0.0
P. Sur,2025 - I,16/05/25,"1,705",15.7,35.5 %,32.3
P. Sur,2025 - I,17/05/25,"1,870",12.4,27.7 %,0.0
P. Sur,2025 - I,18/05/25,"2,179",16.8,70.9 %,0.9
P. Sur,2025 - I,19/05/25,"2,155",13.0,24.4 %,5.3
P. Sur,2025 - I,20/05/25,"2,082",12.7,21.3 %,0.0
P. Sur,2025 - I,21/05/25,"2,342",16.0,24.0 %,0.0
P. Sur,2025 - I,22/05/25,808,17.5,25.5 %,1.7
P. Sur,2025 - I,23/05/25,"3,283",26.3,21.3 %,2.3
P. Sur,2025 - I,24/05/25,386,14.3,49.5 %,0.0
P. Sur,2025 - I,25/05/25,"1,038",17.9,43.4 %,0.0
P. Sur,2025 - I,26/05/25,"2,358",16.2,3.9 %,0.0
P. Sur,2025 - I,27/05/25,"1,088",10.7,19.2 %,0.1
P. Sur,2025 - I,28/05/25,"1,060",11.0,17.0 %,0.0
P. Sur,2025 - I,30/05/25,"2,275",16.3,3.5 %,0.0
P. Sur,2025 - I,31/05/25,"2,790",13.0,7.9 %,0.0
P. Sur,2025 - I,1/06/25,"2,586",15.3,20.7 %,4.1
P. Sur,2025 - I,2/06/25,"2,528",15.4,38.7 %,0.8
P. Sur,2025 - I,3/06/25,"2,479",18.7,20.2 %,0.9
P. Sur,2025 - I,4/06/25,"2,520",15.2,23.9 %,0.6
P. Sur,2025 - I,5/06/25,"2,102",12.3,15.8 %,0.1
P. Sur,2025 - I,6/06/25,899,18.9,31.0 %,0.8
P. Sur,2025 - I,7/06/25,"1,239",18.4,14.3 %,0.1
P. Sur,2025 - I,8/06/25,"2,166",27.8,27.1 %,8.2
P. Sur,2025 - I,9/06/25,759,19.4,27.3 %,4.5
P. Sur,2025 - I,10/06/25,"1,678",22.8,34.5 %,2.1
P. Sur,2025 - I,11/06/25,"2,343",35.9,59.9 %,0.6
P. Sur,2025 - I,12/06/25,"1,796",27.2,42.4 %,2.9
P. Sur,2025 - I,13/06/25,"1,722",27.9,54.2 %,0.4
P. Sur,2025 - I,14/06/25,"1,079",33.2,32.1 %,0.1
P. Sur,2025 - I,16/06/25,774,14.9,41.2 %,4.8
P. Sur,2025 - I,17/06/25,"1,802",17.7,36.8 %,0.6
P. Sur,2025 - I,18/06/25,450,10.4,27.9 %,1.7
P. Sur,2025 - I,19/06/25,"1,529",19.5,60.2 %,0.2
P. Sur,2025 - I,20/06/25,"2,553",18.3,62.1 %,3.0
P. Sur,2025 - I,21/06/25,"1,317",22.4,59.0 %,0.8
P. Sur,2025 - I,22/06/25,900,16.8,34.2 %,0.1
P. Sur,2025 - I,23/06/25,728,14.5,62.3 %,0.1
P. Sur,2025 - I,24/06/25,"1,763",20.3,60.3 %,0.0
P. Sur,2025 - I,25/06/25,"2,160",34.9,59.9 %,0.0
P. Sur,2025 - I,26/06/25,679,38.1,58.3 %,0.0
P. Sur,2025 - I,1/07/25,"2,497",13.6,79.4 %,17.4
P. Sur,2025 - I,2/07/25,"2,314",20.4,77.9 %,1.1
P. Sur,2025 - I,3/07/25,"1,905",25.3,38.1 %,3.7
P. Sur,2025 - I,4/07/25,"1,462",21.3,40.3 %,0.0
P. Sur,2025 - I,5/07/25,"1,599",26.1,31.4 %,4.3
P. Sur,2025 - I,6/07/25,915,17.9,70.5 %,0.4
P. Sur,2025 - I,7/07/25,789,19.6,77.4 %,0.5
P. Sur,2025 - I,8/07/25,"2,069",16.6,60.8 %,0.0
P. Sur,2025 - I,9/07/25,894,23.0,55.4 %,8.4
P. Sur,2025 - I,10/07/25,35,8.7,58.3 %,0.0
P. Sur,2025 - I,11/07/25,190,12.4,48.5 %,0.3
P. Sur,2025 - II,,191,5.9,62.0 %,0.0
P. Sur,2025 - II,7/11/25,931,14.7,26.3 %,0.9
P. Sur,2025 - II,8/11/25,"1,210",16.0,73.6 %,1.5
P. Sur,2025 - II,9/11/25,"2,567",17.4,57.3 %,5.8
P. Sur,2025 - II,10/11/25,"1,557",33.8,61.7 %,3.5
P. Sur,2025 - II,11/11/25,"1,237",20.5,68.3 %,20.0
P. Sur,2025 - II,12/11/25,353,24.6,71.6 %,12.8
P. Sur,2025 - II,13/11/25,464,22.6,72.4 %,5.9
P. Sur,2025 - II,14/11/25,309,15.8,71.1 %,9.4
P. Sur,2025 - II,3/12/25,334,18.3,7.0 %,17.4
P. Sur,2025 - II,4/12/25,596,12.6,75.3 %,6.3
P. Sur,2025 - II,7/12/25,"1,136",15.1,73.4 %,4.6
P. Sur,2025 - II,13/12/25,"1,079",18.4,66.6 %,15.5
P. Sur,2025 - II,14/12/25,784,13.8,36.6 %,11.7
P. Sur,2025 - II,15/12/25,"1,626",14.0,40.1 %,1.8
P. Sur,2025 - II,16/12/25,"2,147",10.0,64.4 %,0.1
P. Sur,2025 - II,17/12/25,"1,451",12.0,48.9 %,3.3
P. Sur,2025 - II,18/12/25,70,23.1,28.1 %,27.5
P. Sur,2025 - II,19/12/25,783,15.5,67.2 %,1.9
P. Sur,2025 - II,20/12/25,"1,324",17.1,44.3 %,0.1
P. Sur,2025 - II,21/12/25,868,12.9,71.3 %,2.1
P. Sur,2025 - II,22/12/25,"2,298",18.6,63.0 %,17.4
P. Sur,2025 - II,27/12/25,984,13.7,68.3 %,3.9
P. Sur,2025 - II,28/12/25,167,11.0,67.8 %,7.6
P. Sur,2025 - II,29/12/25,"1,253",12.4,77.8 %,9.4
P. Sur,2025 - II,30/12/25,557,24.0,80.9 %,18.9
P. Sur,2026 - I,9/04/26,"2,546",17.6,28.6 %,2.6
P. Sur,2026 - I,10/04/26,"1,354",15.2,45.5 %,3.8
P. Sur,2026 - I,11/04/26,"2,285",13.3,55.1 %,2.9
P. Sur,2026 - I,12/04/26,"2,134",12.6,74.0 %,5.0
P. Sur,2026 - I,13/04/26,"1,441",17.2,64.0 %,9.6
P. Sur,2026 - I,14/04/26,702,12.3,43.9 %,5.4
P. Sur,2026 - I,15/04/26,"1,618",20.4,48.0 %,8.2
P. Sur,2026 - I,16/04/26,"1,729",22.0,35.5 %,5.6
P. Sur,2026 - I,17/04/26,"1,621",22.7,35.9 %,3.3
P. Sur,2026 - I,18/04/26,"1,239",27.0,80.1 %,7.0
P. Sur,2026 - I,19/04/26,"2,720",27.0,71.9 %,9.1
P. Sur,2026 - I,22/04/26,866,33.9,29.6 %,0.0
P. Sur,2026 - I,23/04/26,580,26.2,37.7 %,10.0
P. Sur,2026 - I,24/04/26,417,26.1,50.0 %,1.5
